Date,Buyer,Seller,Price,Volume,TradeType
14.02.20 16:27:39,,,175.25,139,NT
14.02.20 16:25:10,,,175.25,239,UT
14.02.20 16:25:10,,,175.25,77,UT
14.02.20 16:25:10,,,175.25,870,UT
14.02.20 16:25:10,,,175.25,"2,779",UT
14.02.20 16:25:10,,,175.25,"7,517",UT
14.02.20 16:25:10,,,175.25,"2,088",UT
14.02.20 16:25:10,,,175.25,"1,618",UT
14.02.20 16:25:10,,,175.25,130,UT
14.02.20 16:25:10,,,175.25,"3,325",UT
14.02.20 16:25:10,,,175.25,170,UT
14.02.20 16:25:10,,,175.25,"5,808",UT
14.02.20 16:25:10,,,175.25,"1,258",UT
14.02.20 16:25:10,,,175.25,269,UT
14.02.20 16:25:10,,,175.25,858,UT
14.02.20 16:25:10,,,175.25,"4,350",UT
14.02.20 16:25:10,,,175.25,417,UT
14.02.20 16:25:10,,,175.25,"2,537",UT
14.02.20 16:25:10,,,175.25,"5,987",UT
14.02.20 16:25:10,,,175.25,"1,887",UT
14.02.20 16:25:10,,,175.25,"2,785",UT
14.02.20 16:25:10,,,175.25,"2,290",UT
14.02.20 16:25:10,,,175.25,"1,205",UT
14.02.20 16:25:10,,,175.25,"15,236",UT
14.02.20 16:25:10,,,175.25,"2,555",UT
14.02.20 16:25:10,,,175.25,"7,528",UT
14.02.20 16:25:10,,,175.25,"2,091",UT
14.02.20 16:25:10,,,175.25,637,UT
14.02.20 16:25:10,,,175.25,"2,537",UT
14.02.20 16:25:10,,,175.25,"6,286",UT
14.02.20 16:25:10,,,175.25,"9,503",UT
14.02.20 16:25:10,,,175.25,263,UT
14.02.20 16:25:10,,,175.25,414,UT
14.02.20 16:25:10,,,175.25,"1,938",UT
14.02.20 16:25:10,,,175.25,117,UT
14.02.20 16:25:10,,,175.25,"1,591",UT
14.02.20 16:25:10,,,175.25,"4,422",UT
14.02.20 16:25:10,,,175.25,"2,367",UT
14.02.20 16:25:10,,,175.25,"1,620",UT
14.02.20 16:25:10,,,175.25,"3,762",UT
14.02.20 16:25:10,,,175.25,"9,735",UT
14.02.20 16:25:10,,,175.25,"1,065",UT
14.02.20 16:25:10,,,175.25,"1,924",UT
14.02.20 16:25:10,,,175.25,"1,359",UT
14.02.20 16:25:10,,,175.25,"5,661",UT
14.02.20 16:25:10,,,175.25,171,UT
14.02.20 16:25:10,,,175.25,"14,687",UT
14.02.20 16:25:10,,,175.25,"11,154",UT
14.02.20 16:25:10,,,175.25,"3,053",UT
14.02.20 16:25:10,,,175.25,"6,282",UT
14.02.20 16:25:10,,,175.25,"6,611",UT
14.02.20 16:25:10,,,175.25,462,UT
14.02.20 16:25:10,,,175.25,"1,232",UT
14.02.20 16:25:10,,,175.25,307,UT
14.02.20 16:25:10,,,175.25,"1,111",UT
14.02.20 16:25:10,,,175.25,"1,883",UT
14.02.20 16:25:10,,,175.25,"1,000",UT
14.02.20 16:25:10,,,175.25,45,UT
14.02.20 16:25:10,,,175.25,14,UT
14.02.20 16:25:10,,,175.25,"1,117",UT
14.02.20 16:25:10,,,175.25,"10,142",UT
14.02.20 16:25:10,,,175.25,"10,765",UT
14.02.20 16:25:10,,,175.25,130,UT
14.02.20 16:25:10,,,175.25,647,UT
14.02.20 16:25:10,,,175.25,78,UT
14.02.20 16:25:10,,,175.25,480,UT
14.02.20 16:25:10,,,175.25,"4,639",UT
14.02.20 16:25:10,,,175.25,2,UT
14.02.20 16:25:10,,,175.25,"1,106",UT
14.02.20 16:25:10,,,175.25,"19,976",UT
14.02.20 16:25:10,,,175.25,"1,202",UT
14.02.20 16:25:10,,,175.25,"4,999",UT
14.02.20 16:25:10,,,175.25,546,UT
14.02.20 16:25:10,,,175.25,"4,452",UT
14.02.20 16:25:10,,,175.25,639,UT
14.02.20 16:25:10,,,175.25,110,UT
14.02.20 16:25:10,,,175.25,"4,249",UT
14.02.20 16:25:10,,,175.25,"1,287",UT
14.02.20 16:25:10,,,175.25,302,UT
14.02.20 16:25:10,,,175.25,"3,409",UT
14.02.20 16:25:10,,,175.25,"4,998",UT
14.02.20 16:25:10,,,175.25,"4,998",UT
14.02.20 16:25:10,,,175.25,"4,998",UT
14.02.20 16:25:10,,,175.25,"4,998",UT
14.02.20 16:25:10,,,175.25,"4,285",UT
14.02.20 16:25:10,,,175.25,283,UT
14.02.20 16:25:10,,,175.25,430,UT
14.02.20 16:25:10,,,175.25,"4,998",UT
14.02.20 16:25:10,,,175.25,"3,653",UT
14.02.20 16:25:10,,,175.25,258,UT
14.02.20 16:25:10,,,175.25,"7,623",UT
14.02.20 16:25:10,,,175.25,12,UT
14.02.20 16:25:10,,,175.25,"1,093",UT
14.02.20 16:25:10,,,175.25,"23,761",UT
14.02.20 16:25:10,,,175.25,"5,199",UT
14.02.20 16:25:10,,,175.25,154,UT
14.02.20 16:25:10,,,175.25,328,UT
14.02.20 16:25:10,,,175.25,"5,828",UT
14.02.20 16:25:10,,,175.25,63,UT
14.02.20 16:25:10,,,175.25,715,UT
14.02.20 16:25:10,,,175.25,"1,045",UT
14.02.20 16:25:10,,,175.25,"1,088",UT
14.02.20 16:25:10,,,175.25,363,UT
14.02.20 16:25:10,,,175.25,65,UT
14.02.20 16:25:10,,,175.25,"1,252",UT
14.02.20 16:25:10,,,175.25,97,UT
14.02.20 16:25:10,,,175.25,481,UT
14.02.20 16:25:10,,,175.25,521,UT
14.02.20 16:25:10,,,175.25,"1,350",UT
14.02.20 16:25:10,,,175.25,77,UT
14.02.20 16:25:10,,,175.25,"2,058",UT
14.02.20 16:25:10,,,175.25,"1,015",UT
14.02.20 16:25:10,,,175.25,"34,036",UT
14.02.20 16:25:10,,,175.25,315,UT
14.02.20 16:25:10,,,175.25,"3,477",UT
14.02.20 16:25:10,,,175.25,"7,430",UT
14.02.20 16:25:10,,,175.25,"1,493",UT
14.02.20 16:25:10,,,175.25,"7,204",UT
14.02.20 16:25:10,,,175.25,169,UT
14.02.20 16:25:10,,,175.25,"2,555",UT
14.02.20 16:25:10,,,175.25,"1,508",UT
14.02.20 16:25:10,,,175.25,208,UT
14.02.20 16:25:10,,,175.25,3,UT
14.02.20 16:25:10,,,175.25,220,UT
14.02.20 16:25:10,,,175.25,"2,917",UT
14.02.20 16:25:10,,,175.25,304,UT
14.02.20 16:25:10,,,175.25,107,UT
14.02.20 16:25:10,,,175.25,115,UT
14.02.20 16:25:10,,,175.25,229,UT
14.02.20 16:25:10,,,175.25,457,UT
14.02.20 16:25:10,,,175.25,914,UT
14.02.20 16:25:10,,,175.25,"1,827",UT
14.02.20 16:25:10,,,175.25,"3,653",UT
14.02.20 16:25:10,,,175.25,"3,789",UT
14.02.20 16:25:10,,,175.25,"10,820",UT
14.02.20 16:25:10,,,175.25,"7,305",UT
14.02.20 16:25:10,,,175.25,"6,060",UT
14.02.20 16:25:10,,,175.25,"1,480",UT
14.02.20 16:25:10,,,175.25,431,UT
14.02.20 16:25:10,,,175.25,"5,308",UT
14.02.20 16:25:10,,,175.25,"3,749",UT
14.02.20 16:25:10,,,175.25,"11,797",UT
14.02.20 16:25:10,,,175.25,392,UT
14.02.20 16:25:10,,,175.25,687,UT
14.02.20 16:25:10,,,175.25,648,UT
14.02.20 16:25:10,,,175.25,"3,676",UT
14.02.20 16:25:10,,,175.25,78,UT
14.02.20 16:25:10,,,175.25,"3,023",UT
14.02.20 16:25:10,,,175.25,"1,881",UT
14.02.20 16:25:10,,,175.25,162,UT
14.02.20 16:25:10,,,175.25,5,UT
14.02.20 16:25:10,,,175.25,319,UT
14.02.20 16:25:10,,,175.25,"2,375",UT
14.02.20 16:25:10,,,175.25,"2,330",UT
14.02.20 16:25:10,,,175.25,"17,000",UT
14.02.20 16:25:10,,,175.25,"12,261",UT
14.02.20 16:25:10,,,175.25,"1,331",UT
14.02.20 16:25:10,,,175.25,207,UT
14.02.20 16:25:10,,,175.25,248,UT
14.02.20 16:25:10,,,175.25,"1,818",UT
14.02.20 16:25:10,,,175.25,"11,251",UT
14.02.20 16:25:10,,,175.25,"4,223",UT
14.02.20 16:25:10,,,175.25,"1,696",UT
14.02.20 16:25:10,,,175.25,"3,944",UT
14.02.20 16:25:10,,,175.25,209,UT
14.02.20 16:25:10,,,175.25,741,UT
14.02.20 16:25:10,,,175.25,326,UT
14.02.20 16:25:10,,,175.25,294,UT
14.02.20 16:25:10,,,175.25,530,UT
14.02.20 16:25:10,,,175.25,"14,126",UT
14.02.20 16:25:10,,,175.25,"1,059",UT
14.02.20 16:25:10,,,175.25,"6,642",UT
14.02.20 16:25:10,,,175.25,"12,232",UT
14.02.20 16:25:10,,,175.25,"1,769",UT
14.02.20 16:25:10,,,175.25,"1,091",UT
14.02.20 16:25:10,,,175.25,"2,388",UT
14.02.20 16:25:10,,,175.25,59,UT
14.02.20 16:25:10,,,175.25,194,UT
14.02.20 16:25:10,,,175.25,216,UT
14.02.20 16:25:10,,,175.25,408,UT
14.02.20 16:25:10,,,175.25,414,UT
14.02.20 16:25:10,,,175.25,"1,815",UT
14.02.20 16:25:10,,,175.25,"5,092",UT
14.02.20 16:25:10,,,175.25,"1,908",UT
14.02.20 16:25:10,,,175.25,"1,667",UT
14.02.20 16:25:10,,,175.25,531,UT
14.02.20 16:25:10,,,175.25,198,UT
14.02.20 16:25:10,,,175.25,130,UT
14.02.20 16:25:10,,,175.25,361,UT
14.02.20 16:25:10,,,175.25,"2,652",UT
14.02.20 16:25:10,,,175.25,"6,192",UT
14.02.20 16:25:10,,,175.25,439,UT
14.02.20 16:25:10,,,175.25,229,UT
14.02.20 16:25:10,,,175.25,19,UT
14.02.20 16:25:10,,,175.25,"2,803",UT
14.02.20 16:25:10,,,175.25,"12,197",UT
14.02.20 16:19:50,,,175.10,279,AT
14.02.20 16:19:49,,,175.15,179,AT
14.02.20 16:19:49,,,175.15,"1,084",AT
14.02.20 16:19:49,,,175.15,176,AT
14.02.20 16:19:49,,,175.15,25,AT
14.02.20 16:19:49,,,175.15,224,AT
14.02.20 16:19:49,,,175.15,522,AT
14.02.20 16:19:49,,,175.10,287,AT
14.02.20 16:19:49,,,175.10,240,AT
14.02.20 16:19:49,,,175.10,253,AT
14.02.20 16:19:49,,,175.10,36,AT
14.02.20 16:19:49,,,175.05,5,AT
14.02.20 16:19:45,,,175.05,144,AT
14.02.20 16:19:37,,,175.05,95,AT
14.02.20 16:19:35,,,175.05,50,AT
14.02.20 16:19:34,,,175.05,269,AT
14.02.20 16:19:21,,,175.00,50,AT
14.02.20 16:19:21,,,175.00,242,AT
14.02.20 16:19:21,,,175.00,44,AT
14.02.20 16:19:20,,,174.95,71,AT
14.02.20 16:19:20,,,174.95,75,AT
14.02.20 16:19:20,,,174.95,246,AT
14.02.20 16:19:20,,,174.95,261,AT
14.02.20 16:19:20,,,174.95,154,AT
14.02.20 16:19:20,,,174.95,150,AT
14.02.20 16:19:20,,,174.95,300,AT
14.02.20 16:18:05,,,174.90,673,AT
14.02.20 16:18:05,,,174.90,538,AT
14.02.20 16:18:05,,,174.90,161,AT
14.02.20 16:18:05,,,174.90,161,AT
14.02.20 16:18:05,,,174.90,33,AT
14.02.20 16:18:05,,,174.90,348,AT
14.02.20 16:18:05,,,174.90,556,AT
14.02.20 16:18:05,,,174.90,172,AT
14.02.20 16:18:05,,,174.90,265,AT
14.02.20 16:18:05,,,174.90,288,AT
14.02.20 16:17:11,,,174.85,8,AT
14.02.20 16:17:11,,,174.85,49,AT
14.02.20 16:17:07,,,174.85,226,AT
14.02.20 16:16:32,,,174.90,99,AT
14.02.20 16:16:32,,,174.90,136,AT
14.02.20 16:16:32,,,174.90,661,AT
14.02.20 16:16:32,,,174.90,2,AT
14.02.20 16:16:32,,,174.90,221,AT
14.02.20 16:16:31,,,174.90,"1,072",AT
14.02.20 16:16:31,,,174.90,82,AT
14.02.20 16:16:06,,,174.90,46,AT
14.02.20 16:16:06,,,174.90,494,AT
14.02.20 16:14:57,,,174.90,105,AT
14.02.20 16:14:57,,,174.90,42,AT
14.02.20 16:14:47,,,174.85,100,AT
14.02.20 16:14:29,,,174.85,206,AT
14.02.20 16:14:29,,,174.85,252,AT
14.02.20 16:14:28,,,174.85,155,AT
14.02.20 16:14:28,,,174.85,176,AT
14.02.20 16:14:28,,,174.85,431,AT
14.02.20 16:14:09,,,174.80,216,AT
14.02.20 16:14:09,,,174.80,600,AT
14.02.20 16:14:09,,,174.80,137,AT
14.02.20 16:14:09,,,174.80,36,AT
14.02.20 16:14:09,,,174.80,212,AT
14.02.20 16:14:09,,,174.80,288,AT
14.02.20 16:14:09,,,174.80,"1,247",AT
14.02.20 16:14:09,,,174.80,159,AT
14.02.20 16:14:09,,,174.80,221,AT
14.02.20 16:13:30,,,174.80,79,AT
14.02.20 16:13:30,,,174.80,148,AT
14.02.20 16:13:30,,,174.80,609,AT
14.02.20 16:13:30,,,174.80,179,AT
14.02.20 16:13:30,,,174.80,158,AT
14.02.20 16:13:30,,,174.80,300,AT
14.02.20 16:13:30,,,174.80,82,AT
14.02.20 16:13:30,,,174.80,313,AT
14.02.20 16:13:30,,,174.80,130,AT
14.02.20 16:13:30,,,174.80,349,AT
14.02.20 16:13:30,,,174.80,138,AT
14.02.20 16:13:30,,,174.80,140,AT
14.02.20 16:13:30,,,174.80,"1,041",AT
14.02.20 16:13:30,,,174.80,365,AT
14.02.20 16:13:30,,,174.80,580,AT
14.02.20 16:13:30,,,174.80,265,AT
14.02.20 16:12:42,,,174.80,234,AT
14.02.20 16:12:42,,,174.80,785,AT
14.02.20 16:12:42,,,174.80,785,AT
14.02.20 16:12:42,,,174.80,785,AT
14.02.20 16:12:42,,,174.80,444,AT
14.02.20 16:12:42,,,174.80,785,AT
14.02.20 16:12:42,,,174.80,162,AT
14.02.20 16:12:09,,,174.85,162,AT
14.02.20 16:12:09,,,174.85,324,AT
14.02.20 16:12:09,,,174.85,198,AT
14.02.20 16:12:09,,,174.85,154,AT
14.02.20 16:12:09,,,174.90,132,AT
14.02.20 16:12:09,,,174.90,330,AT
14.02.20 16:12:09,,,174.90,1,AT
14.02.20 16:11:31,,,174.90,123,AT
14.02.20 16:11:31,,,174.90,354,AT
14.02.20 16:11:22,,,174.90,63,AT
14.02.20 16:10:33,,,174.90,452,AT
14.02.20 16:10:33,,,174.90,107,AT
14.02.20 16:10:33,,,174.90,104,AT
14.02.20 16:10:32,,,174.95,5,AT
14.02.20 16:10:19,,,174.90,91,AT
14.02.20 16:09:46,,,174.90,114,AT
14.02.20 16:09:32,,,174.95,6,AT
14.02.20 16:09:32,,,174.95,298,AT
14.02.20 16:08:23,,,174.95,148,AT
14.02.20 16:08:23,,,174.95,366,AT
14.02.20 16:08:23,,,174.95,191,AT
14.02.20 16:07:59,,,174.90,150,AT
14.02.20 16:07:16,,,174.85,152,AT
14.02.20 16:07:16,,,174.85,130,AT
14.02.20 16:06:52,,,174.85,178,AT
14.02.20 16:06:52,,,174.85,505,AT
14.02.20 16:06:52,,,174.85,123,AT
14.02.20 16:06:52,,,174.85,148,AT
14.02.20 16:06:52,,,174.85,93,AT
14.02.20 16:06:52,,,174.85,533,AT
14.02.20 16:06:52,,,174.85,534,AT
14.02.20 16:06:45,,,174.85,25,AT
14.02.20 16:06:16,,,174.80,533,AT
14.02.20 16:06:16,,,174.80,428,AT
14.02.20 16:06:16,,,174.80,116,AT
14.02.20 16:06:16,,,174.80,77,AT
14.02.20 16:04:59,,,174.80,13,AT
14.02.20 16:04:52,,,174.80,121,AT
14.02.20 16:04:52,,,174.80,45,AT
14.02.20 16:04:52,,,174.80,257,AT
14.02.20 16:04:52,,,174.80,609,AT
14.02.20 16:04:52,,,174.80,58,AT
14.02.20 16:04:52,,,174.80,250,AT
14.02.20 16:04:52,,,174.80,359,AT
14.02.20 16:04:52,,,174.80,237,AT
14.02.20 16:04:52,,,174.80,260,AT
14.02.20 16:04:52,,,174.80,685,AT
14.02.20 16:04:52,,,174.80,500,AT
14.02.20 16:04:52,,,174.80,524,AT
14.02.20 16:04:52,,,174.80,98,AT
14.02.20 16:04:52,,,174.80,397,AT
14.02.20 16:04:45,,,174.80,212,AT
14.02.20 16:04:45,,,174.80,221,AT
14.02.20 16:03:27,,,174.80,201,AT
14.02.20 16:03:26,,,174.80,78,AT
14.02.20 16:03:26,,,174.80,277,AT
14.02.20 16:03:26,,,174.80,197,AT
14.02.20 16:03:26,,,174.80,298,AT
14.02.20 16:03:26,,,174.80,288,AT
14.02.20 16:03:21,,,174.75,763,AT
14.02.20 16:01:45,,,174.80,1,AT
14.02.20 16:01:45,,,174.80,77,AT
14.02.20 16:01:45,,,174.80,429,AT
14.02.20 16:01:45,,,174.80,80,AT
14.02.20 16:01:45,,,174.80,433,AT
14.02.20 16:01:42,,,174.85,166,AT
14.02.20 16:01:38,,,174.85,90,AT
14.02.20 16:01:38,,,174.85,550,AT
14.02.20 16:00:48,,,174.90,93,AT
14.02.20 16:00:48,,,174.90,509,AT
14.02.20 16:00:48,,,174.90,57,AT
14.02.20 16:00:48,,,174.90,30,AT
14.02.20 16:00:48,,,174.85,6,AT
14.02.20 16:00:48,,,174.85,115,AT
14.02.20 16:00:48,,,174.85,328,AT
14.02.20 16:00:48,,,174.85,203,AT
14.02.20 16:00:48,,,174.85,66,AT
14.02.20 16:00:48,,,174.85,193,AT
14.02.20 16:00:48,,,174.85,158,AT
14.02.20 16:00:48,,,174.85,320,AT
14.02.20 16:00:48,,,174.85,39,AT
14.02.20 15:59:59,,,174.80,7,AT
14.02.20 15:59:59,,,174.80,227,AT
14.02.20 15:59:59,,,174.80,61,AT
14.02.20 15:59:59,,,174.80,163,AT
14.02.20 15:59:59,,,174.80,319,AT
14.02.20 15:59:54,,,174.75,144,AT
14.02.20 15:59:54,,,174.75,185,AT
14.02.20 15:59:54,,,174.75,284,AT
14.02.20 15:59:45,,,174.70,38,AT
14.02.20 15:59:45,,,174.70,276,AT
14.02.20 15:59:45,,,174.70,119,AT
14.02.20 15:59:35,,,174.75,209,AT
14.02.20 15:59:35,,,174.75,294,AT
14.02.20 15:59:35,,,174.75,451,AT
14.02.20 15:59:19,,,174.75,"2,010",AT
14.02.20 15:59:19,,,174.75,14,AT
14.02.20 15:59:19,,,174.75,157,AT
14.02.20 15:59:19,,,174.75,283,AT
14.02.20 15:59:19,,,174.75,165,AT
14.02.20 15:59:19,,,174.75,130,AT
14.02.20 15:58:48,,,174.70,2,AT
14.02.20 15:58:39,,,174.70,300,AT
14.02.20 15:58:39,,,174.70,155,AT
14.02.20 15:58:39,,,174.70,340,AT
14.02.20 15:57:39,,,174.65,207,AT
14.02.20 15:57:39,,,174.65,54,AT
14.02.20 15:57:39,,,174.65,124,AT
14.02.20 15:57:39,,,174.65,288,AT
14.02.20 15:57:39,,,174.65,300,AT
14.02.20 15:57:39,,,174.65,137,AT
14.02.20 15:57:39,,,174.65,151,AT
14.02.20 15:57:35,,,174.60,338,AT
14.02.20 15:57:35,,,174.60,239,AT
14.02.20 15:56:48,,,174.60,299,AT
14.02.20 15:56:48,,,174.55,70,AT
14.02.20 15:56:48,,,174.55,131,AT
14.02.20 15:56:23,,,174.60,436,AT
14.02.20 15:56:23,,,174.60,"1,295",AT
14.02.20 15:56:04,,,174.60,252,AT
14.02.20 15:56:04,,,174.60,522,AT
14.02.20 15:56:04,,,174.60,565,AT
14.02.20 15:56:04,,,174.60,248,AT
14.02.20 15:56:04,,,174.65,500,AT
14.02.20 15:55:48,,,174.70,138,AT
14.02.20 15:55:48,,,174.70,444,AT
14.02.20 15:55:48,,,174.70,139,AT
14.02.20 15:55:48,,,174.70,68,AT
14.02.20 15:55:48,,,174.70,68,AT
14.02.20 15:55:48,,,174.70,161,AT
14.02.20 15:55:48,,,174.70,106,AT
14.02.20 15:55:48,,,174.70,157,AT
14.02.20 15:55:45,,,174.65,918,AT
14.02.20 15:55:45,,,174.65,95,AT
14.02.20 15:55:20,,,174.65,500,AT
14.02.20 15:54:48,,,174.65,155,AT
14.02.20 15:54:48,,,174.65,12,AT
14.02.20 15:54:48,,,174.65,191,AT
14.02.20 15:54:48,,,174.65,12,AT
14.02.20 15:54:48,,,174.65,148,AT
14.02.20 15:54:48,,,174.65,4,AT
14.02.20 15:54:48,,,174.65,288,AT
14.02.20 15:54:48,,,174.65,138,AT
14.02.20 15:54:48,,,174.65,207,AT
14.02.20 15:53:39,,,174.55,369,AT
14.02.20 15:53:39,,,174.55,280,AT
14.02.20 15:53:39,,,174.65,115,AT
14.02.20 15:53:39,,,174.65,116,AT
14.02.20 15:53:04,,,174.65,45,AT
14.02.20 15:53:04,,,174.65,116,AT
14.02.20 15:53:04,,,174.65,232,AT
14.02.20 15:53:04,,,174.65,537,AT
14.02.20 15:53:04,,,174.65,513,AT
14.02.20 15:52:33,,,174.75,202,AT
14.02.20 15:52:32,,,174.70,55,AT
14.02.20 15:52:28,,,174.70,89,AT
14.02.20 15:52:28,,,174.70,271,AT
14.02.20 15:52:28,,,174.70,249,AT
14.02.20 15:52:28,,,174.70,480,AT
14.02.20 15:52:28,,,174.70,196,AT
14.02.20 15:52:28,,,174.70,198,AT
14.02.20 15:52:28,,,174.70,288,AT
14.02.20 15:52:28,,,174.70,151,AT
14.02.20 15:51:59,,,174.65,500,AT
14.02.20 15:51:59,,,174.60,353,AT
14.02.20 15:51:59,,,174.60,210,AT
14.02.20 15:51:59,,,174.60,522,AT
14.02.20 15:51:59,,,174.60,246,AT
14.02.20 15:51:44,,,174.70,129,AT
14.02.20 15:51:44,,,174.70,339,AT
14.02.20 15:51:44,,,174.70,262,AT
14.02.20 15:51:44,,,174.70,235,AT
14.02.20 15:51:44,,,174.70,339,AT
14.02.20 15:51:44,,,174.70,2,AT
14.02.20 15:50:24,,,174.70,274,AT
14.02.20 15:50:24,,,174.70,300,AT
14.02.20 15:49:51,,,174.70,451,AT
14.02.20 15:49:46,,,174.70,436,AT
14.02.20 15:49:46,,,174.70,350,AT
14.02.20 15:49:46,,,174.70,500,AT
14.02.20 15:49:46,,,174.70,30,AT
14.02.20 15:49:46,,,174.70,470,AT
14.02.20 15:49:46,,,174.70,530,AT
14.02.20 15:48:52,,,174.80,194,AT
14.02.20 15:48:50,,,174.80,380,AT
14.02.20 15:48:50,,,174.80,169,AT
14.02.20 15:48:50,,,174.80,380,AT
14.02.20 15:48:50,,,174.80,500,AT
14.02.20 15:48:48,,,174.75,380,AT
14.02.20 15:48:48,,,174.75,380,AT
14.02.20 15:48:48,,,174.75,380,AT
14.02.20 15:48:48,,,174.75,433,AT
14.02.20 15:48:48,,,174.75,"2,955",AT
14.02.20 15:48:48,,,174.75,956,AT
14.02.20 15:48:48,,,174.75,160,AT
14.02.20 15:48:48,,,174.75,233,AT
14.02.20 15:48:48,,,174.75,350,AT
14.02.20 15:48:48,,,174.75,604,AT
14.02.20 15:48:48,,,174.75,197,AT
14.02.20 15:48:48,,,174.75,522,AT
14.02.20 15:48:48,,,174.75,500,AT
14.02.20 15:48:48,,,174.75,263,AT
14.02.20 15:48:48,,,174.70,350,AT
14.02.20 15:48:48,,,174.70,170,AT
14.02.20 15:48:48,,,174.70,100,AT
14.02.20 15:48:48,,,174.70,522,AT
14.02.20 15:48:48,,,174.70,188,AT
14.02.20 15:48:48,,,174.70,188,AT
14.02.20 15:48:48,,,174.70,283,AT
14.02.20 15:48:48,,,174.70,257,AT
14.02.20 15:48:48,,,174.65,184,AT
14.02.20 15:48:48,,,174.65,198,AT
14.02.20 15:48:48,,,174.65,350,AT
14.02.20 15:48:48,,,174.65,380,AT
14.02.20 15:48:48,,,174.65,522,AT
14.02.20 15:48:48,,,174.65,500,AT
14.02.20 15:48:48,,,174.65,282,AT
14.02.20 15:48:48,,,174.60,140,AT
14.02.20 15:48:48,,,174.60,288,AT
14.02.20 15:48:48,,,174.60,522,AT
14.02.20 15:48:48,,,174.60,269,AT
14.02.20 15:48:48,,,174.55,145,AT
14.02.20 15:48:48,,,174.55,288,AT
14.02.20 15:48:48,,,174.55,500,AT
14.02.20 15:48:48,,,174.55,522,AT
14.02.20 15:48:33,,,174.55,101,AT
14.02.20 15:48:33,,,174.60,418,AT
14.02.20 15:48:16,,,174.65,420,AT
14.02.20 15:48:16,,,174.65,230,AT
14.02.20 15:48:16,,,174.65,168,AT
14.02.20 15:48:08,,,174.65,23,AT
14.02.20 15:48:08,,,174.65,79,AT
14.02.20 15:48:08,,,174.70,102,AT
14.02.20 15:48:08,,,174.70,643,AT
14.02.20 15:48:05,,,174.75,270,AT
14.02.20 15:48:04,,,174.80,55,AT
14.02.20 15:48:04,,,174.80,527,AT
14.02.20 15:48:04,,,174.80,380,AT
14.02.20 15:48:04,,,174.80,231,AT
14.02.20 15:48:04,,,174.80,17,AT
14.02.20 15:48:04,,,174.80,295,AT
14.02.20 15:48:04,,,174.80,108,AT
14.02.20 15:48:04,,,174.80,177,AT
14.02.20 15:48:04,,,174.80,572,AT
14.02.20 15:48:04,,,174.80,"2,413",AT
14.02.20 15:48:04,,,174.80,684,AT
14.02.20 15:48:04,,,174.80,28,AT
14.02.20 15:48:04,,,174.80,229,AT
14.02.20 15:48:04,,,174.80,35,AT
14.02.20 15:47:07,,,174.85,240,AT
14.02.20 15:47:07,,,174.85,664,AT
14.02.20 15:47:02,,,174.85,2,AT
14.02.20 15:46:21,,,174.85,78,AT
14.02.20 15:46:21,,,174.85,66,AT
14.02.20 15:46:21,,,174.85,93,AT
14.02.20 15:46:21,,,174.85,153,AT
14.02.20 15:46:21,,,174.85,31,AT
14.02.20 15:46:21,,,174.85,32,AT
14.02.20 15:45:54,,,174.75,100,AT
14.02.20 15:45:13,,,174.80,1,AT
14.02.20 15:45:13,,,174.80,120,AT
14.02.20 15:45:13,,,174.80,142,AT
14.02.20 15:45:13,,,174.80,295,AT
14.02.20 15:45:13,,,174.80,294,AT
14.02.20 15:45:13,,,174.80,167,AT
14.02.20 15:45:13,,,174.80,51,AT
14.02.20 15:44:12,,,174.75,198,AT
14.02.20 15:44:12,,,174.75,198,AT
14.02.20 15:44:12,,,174.75,198,AT
14.02.20 15:44:12,,,174.75,400,AT
14.02.20 15:44:05,,,174.75,598,AT
14.02.20 15:44:05,,,174.75,4,AT
14.02.20 15:44:03,,,174.75,194,AT
14.02.20 15:44:03,,,174.75,92,AT
14.02.20 15:44:03,,,174.75,32,AT
14.02.20 15:44:03,,,174.75,106,AT
14.02.20 15:44:03,,,174.75,156,AT
14.02.20 15:44:03,,,174.75,164,AT
14.02.20 15:44:03,,,174.75,356,AT
14.02.20 15:41:57,,,174.70,104,AT
14.02.20 15:40:53,,,174.70,128,AT
14.02.20 15:40:53,,,174.70,159,AT
14.02.20 15:40:53,,,174.70,71,AT
14.02.20 15:39:26,,,174.65,427,AT
14.02.20 15:39:15,,,174.60,15,AT
14.02.20 15:39:15,,,174.60,104,AT
14.02.20 15:39:15,,,174.60,93,AT
14.02.20 15:39:15,,,174.60,51,AT
14.02.20 15:39:15,,,174.60,107,AT
14.02.20 15:39:05,,,174.55,185,AT
14.02.20 15:39:05,,,174.55,93,AT
14.02.20 15:37:50,,,174.50,234,AT
14.02.20 15:37:50,,,174.50,158,AT
14.02.20 15:37:50,,,174.50,156,AT
14.02.20 15:37:50,,,174.50,214,AT
14.02.20 15:37:50,,,174.50,292,AT
14.02.20 15:37:50,,,174.50,396,AT
14.02.20 15:37:50,,,174.50,141,AT
14.02.20 15:37:20,,,174.45,50,AT
14.02.20 15:37:07,,,174.45,100,AT
14.02.20 15:36:50,,,174.45,104,AT
14.02.20 15:35:42,,,174.45,193,AT
14.02.20 15:35:05,,,174.70,213,AT
14.02.20 15:35:05,,,174.70,41,AT
14.02.20 15:35:05,,,174.70,699,AT
14.02.20 15:35:05,,,174.70,517,AT
14.02.20 15:35:05,,,174.70,596,AT
14.02.20 15:35:05,,,174.70,517,AT
14.02.20 15:35:05,,,174.70,103,AT
14.02.20 15:33:10,,,174.75,177,AT
14.02.20 15:33:10,,,174.75,152,AT
14.02.20 15:33:10,,,174.75,177,AT
14.02.20 15:33:07,,,174.75,355,AT
14.02.20 15:33:07,,,174.75,103,AT
14.02.20 15:33:07,,,174.75,116,AT
14.02.20 15:33:07,,,174.75,"1,626",AT
14.02.20 15:32:26,,,174.75,93,AT
14.02.20 15:32:26,,,174.75,157,AT
14.02.20 15:32:26,,,174.75,151,AT
14.02.20 15:32:26,,,174.75,10,AT
14.02.20 15:31:33,,,174.70,18,AT
14.02.20 15:31:16,,,174.70,87,AT
14.02.20 15:31:00,,,174.75,118,AT
14.02.20 15:30:40,,,174.75,109,AT
14.02.20 15:30:40,,,174.75,78,AT
14.02.20 15:30:39,,,174.75,78,AT
14.02.20 15:30:39,,,174.75,363,AT
14.02.20 15:30:39,,,174.75,285,AT
14.02.20 15:30:39,,,174.75,115,AT
14.02.20 15:30:13,,,174.80,144,AT
14.02.20 15:30:01,,,174.80,69,AT
14.02.20 15:30:01,,,174.80,147,AT
14.02.20 15:30:01,,,174.80,189,AT
14.02.20 15:30:01,,,174.80,19,AT
14.02.20 15:30:01,,,174.80,120,AT
14.02.20 15:27:24,,,174.75,170,AT
14.02.20 15:26:28,,,174.75,111,AT
14.02.20 15:26:28,,,174.75,49,AT
14.02.20 15:26:24,,,174.70,20,AT
14.02.20 15:26:24,,,174.70,115,AT
14.02.20 15:26:24,,,174.70,16,AT
14.02.20 15:26:24,,,174.70,208,AT
14.02.20 15:26:22,,,174.65,282,AT
14.02.20 15:26:22,,,174.65,34,AT
14.02.20 15:26:22,,,174.65,93,AT
14.02.20 15:26:22,,,174.65,101,AT
14.02.20 15:26:22,,,174.65,125,AT
14.02.20 15:26:22,,,174.60,288,AT
14.02.20 15:26:22,,,174.60,14,AT
14.02.20 15:26:22,,,174.60,174,AT
14.02.20 15:26:22,,,174.60,237,AT
14.02.20 15:26:22,,,174.60,145,AT
14.02.20 15:26:22,,,174.60,254,AT
14.02.20 15:26:22,,,174.60,200,AT
14.02.20 15:25:50,,,174.55,98,AT
14.02.20 15:25:30,,,174.50,273,AT
14.02.20 15:24:00,,,174.55,174,AT
14.02.20 15:23:45,,,174.65,530,AT
14.02.20 15:23:45,,,174.65,542,AT
14.02.20 15:23:45,,,174.70,500,AT
14.02.20 15:23:33,,,174.75,15,AT
14.02.20 15:23:33,,,174.75,91,AT
14.02.20 15:21:38,,,174.80,111,AT
14.02.20 15:21:38,,,174.80,51,AT
14.02.20 15:21:38,,,174.80,519,AT
14.02.20 15:20:43,,,174.85,579,AT
14.02.20 15:20:43,,,174.85,126,AT
14.02.20 15:19:56,,,174.85,2,AT
14.02.20 15:19:56,,,174.85,288,AT
14.02.20 15:19:56,,,174.85,522,AT
14.02.20 15:19:56,,,174.85,65,AT
14.02.20 15:19:56,,,174.85,149,AT
14.02.20 15:19:56,,,174.85,22,AT
14.02.20 15:19:56,,,174.85,211,AT
14.02.20 15:19:56,,,174.85,200,AT
14.02.20 15:19:33,,,174.80,4,AT
14.02.20 15:19:33,,,174.80,445,AT
14.02.20 15:19:33,,,174.80,331,AT
14.02.20 15:19:33,,,174.80,"1,000",AT
14.02.20 15:19:33,,,174.80,"1,901",AT
14.02.20 15:19:33,,,174.80,500,AT
14.02.20 15:16:50,,,174.85,63,AT
14.02.20 15:16:50,,,174.85,500,AT
14.02.20 15:16:50,,,174.85,12,AT
14.02.20 15:16:50,,,174.85,55,AT
14.02.20 15:16:49,,,174.75,400,AT
14.02.20 15:14:37,,,174.90,100,AT
14.02.20 15:14:05,,,174.80,141,AT
14.02.20 15:14:05,,,174.80,101,AT
14.02.20 15:14:05,,,174.80,50,AT
14.02.20 15:14:04,,,174.75,174,AT
14.02.20 15:14:04,,,174.75,288,AT
14.02.20 15:14:04,,,174.75,306,AT
14.02.20 15:14:04,,,174.75,540,AT
14.02.20 15:12:22,,,174.70,116,AT
14.02.20 15:12:22,,,174.70,430,AT
14.02.20 15:12:22,,,174.70,157,AT
14.02.20 15:12:22,,,174.70,93,AT
14.02.20 15:12:22,,,174.70,137,AT
14.02.20 15:12:17,,,174.70,128,AT
14.02.20 15:12:17,,,174.70,154,AT
14.02.20 15:12:17,,,174.70,501,AT
14.02.20 15:12:17,,,174.70,416,AT
14.02.20 15:12:17,,,174.70,23,AT
14.02.20 15:12:17,,,174.65,"1,027",AT
14.02.20 15:12:17,,,174.65,522,AT
14.02.20 15:12:17,,,174.70,484,AT
14.02.20 15:12:17,,,174.70,522,AT
14.02.20 15:12:17,,,174.70,169,AT
14.02.20 15:12:17,,,174.70,178,AT
14.02.20 15:12:17,,,174.70,500,AT
14.02.20 15:12:17,,,174.70,"1,000",AT
14.02.20 15:12:17,,,174.65,200,AT
14.02.20 15:12:17,,,174.65,195,AT
14.02.20 15:12:17,,,174.65,288,AT
14.02.20 15:12:17,,,174.65,614,AT
14.02.20 15:12:17,,,174.65,147,AT
14.02.20 15:12:17,,,174.65,500,AT
14.02.20 15:12:17,,,174.65,84,AT
14.02.20 15:10:32,,,174.75,562,AT
14.02.20 15:10:32,,,174.75,"1,057",AT
14.02.20 15:10:32,,,174.75,85,AT
14.02.20 15:10:32,,,174.75,97,AT
14.02.20 15:10:32,,,174.75,534,AT
14.02.20 15:10:32,,,174.75,544,AT
14.02.20 15:06:50,,,174.80,36,AT
14.02.20 15:06:50,,,174.80,146,AT
14.02.20 15:05:41,,,174.85,161,AT
14.02.20 15:05:41,,,174.85,3,AT
14.02.20 15:03:56,,,174.95,545,AT
14.02.20 15:03:55,,,175.00,94,AT
14.02.20 15:03:55,,,175.00,100,AT
14.02.20 15:02:45,,,175.05,405,AT
14.02.20 15:02:45,,,175.05,340,AT
14.02.20 15:02:45,,,175.05,11,AT
14.02.20 15:02:45,,,175.05,"1,000",AT
14.02.20 15:02:45,,,175.05,660,AT
14.02.20 15:02:45,,,175.05,340,AT
14.02.20 15:01:12,,,175.15,550,AT
14.02.20 15:01:11,,,175.15,287,AT
14.02.20 15:01:11,,,175.15,186,AT
14.02.20 15:01:11,,,175.15,208,AT
14.02.20 15:01:11,,,175.15,48,AT
14.02.20 15:01:11,,,175.15,108,AT
14.02.20 15:01:11,,,175.15,67,AT
14.02.20 15:00:33,,,175.10,160,AT
14.02.20 14:59:48,,,175.15,56,AT
14.02.20 14:59:48,,,175.15,37,AT
14.02.20 14:59:48,,,175.15,192,AT
14.02.20 14:57:27,,,175.25,64,AT
14.02.20 14:57:27,,,175.25,119,AT
14.02.20 14:57:27,,,175.25,240,AT
14.02.20 14:56:57,,,175.25,173,AT
14.02.20 14:56:57,,,175.25,542,AT
14.02.20 14:56:57,,,175.25,2,AT
14.02.20 14:56:57,,,175.25,202,AT
14.02.20 14:56:57,,,175.25,525,AT
14.02.20 14:56:57,,,175.25,490,AT
14.02.20 14:56:35,,,175.25,7,AT
14.02.20 14:55:49,,,175.30,13,AT
14.02.20 14:55:49,,,175.30,58,AT
14.02.20 14:55:49,,,175.30,100,AT
14.02.20 14:55:49,,,175.30,357,AT
14.02.20 14:55:49,,,175.30,264,AT
14.02.20 14:55:49,,,175.30,29,AT
14.02.20 14:55:01,,,175.25,3,AT
14.02.20 14:54:46,,,175.25,100,AT
14.02.20 14:52:57,,,175.25,137,AT
14.02.20 14:52:57,,,175.25,444,AT
14.02.20 14:52:57,,,175.25,444,AT
14.02.20 14:52:57,,,175.25,114,AT
14.02.20 14:52:51,,,175.25,109,AT
14.02.20 14:52:51,,,175.25,2,AT
14.02.20 14:52:17,,,175.20,7,AT
14.02.20 14:52:17,,,175.20,936,AT
14.02.20 14:52:17,,,175.20,500,AT
14.02.20 14:51:49,,,175.25,150,AT
14.02.20 14:51:49,,,175.25,271,AT
14.02.20 14:51:49,,,175.25,94,AT
14.02.20 14:51:49,,,175.25,93,AT
14.02.20 14:51:44,,,175.20,230,AT
14.02.20 14:51:44,,,175.20,145,AT
14.02.20 14:50:27,,,175.15,522,AT
14.02.20 14:50:27,,,175.15,31,AT
14.02.20 14:50:27,,,175.15,331,AT
14.02.20 14:50:27,,,175.15,119,AT
14.02.20 14:50:27,,,175.15,168,AT
14.02.20 14:50:27,,,175.15,500,AT
14.02.20 14:50:27,,,175.10,94,AT
14.02.20 14:50:27,,,175.10,97,AT
14.02.20 14:50:27,,,175.10,83,AT
14.02.20 14:49:42,,,175.10,129,AT
14.02.20 14:49:42,,,175.10,496,AT
14.02.20 14:49:42,,,175.15,390,AT
14.02.20 14:49:42,,,175.15,500,AT
14.02.20 14:49:42,,,175.15,287,AT
14.02.20 14:49:42,,,175.15,115,AT
14.02.20 14:49:42,,,175.15,163,AT
14.02.20 14:49:42,,,175.15,168,AT
14.02.20 14:49:42,,,175.15,153,AT
14.02.20 14:49:42,,,175.15,630,AT
14.02.20 14:49:42,,,175.15,523,AT
14.02.20 14:49:40,,,175.15,97,AT
14.02.20 14:49:40,,,175.15,93,AT
14.02.20 14:49:35,,,175.10,310,AT
14.02.20 14:49:35,,,175.10,489,AT
14.02.20 14:47:45,,,175.15,225,AT
14.02.20 14:47:43,,,175.05,38,AT
14.02.20 14:47:43,,,175.05,132,AT
14.02.20 14:47:43,,,175.13,69,DB
14.02.20 14:47:43,,,175.13,134,DB
14.02.20 14:47:43,,,175.10,211,AT
14.02.20 14:47:43,,,175.10,840,AT
14.02.20 14:47:43,,,175.10,450,AT
14.02.20 14:45:46,,,175.10,290,AT
14.02.20 14:45:46,,,175.10,68,AT
14.02.20 14:45:31,,,175.05,208,AT
14.02.20 14:45:31,,,175.05,109,AT
14.02.20 14:44:31,,,175.05,160,AT
14.02.20 14:44:31,,,175.05,340,AT
14.02.20 14:44:00,,,175.10,11,AT
14.02.20 14:43:44,,,175.05,65,AT
14.02.20 14:43:44,,,175.05,340,AT
14.02.20 14:43:44,,,175.15,112,AT
14.02.20 14:42:43,,,175.20,520,AT
14.02.20 14:42:43,,,175.20,48,AT
14.02.20 14:42:43,,,175.20,20,AT
14.02.20 14:42:43,,,175.20,11,AT
14.02.20 14:42:00,,,175.20,113,AT
14.02.20 14:42:00,,,175.20,174,AT
14.02.20 14:41:56,,,175.20,536,AT
14.02.20 14:41:56,,,175.20,110,AT
14.02.20 14:41:56,,,175.20,28,AT
14.02.20 14:41:56,,,175.20,72,AT
14.02.20 14:41:56,,,175.20,500,AT
14.02.20 14:40:19,,,175.25,72,AT
14.02.20 14:40:19,,,175.25,500,AT
14.02.20 14:40:19,,,175.25,18,AT
14.02.20 14:39:35,,,175.25,75,AT
14.02.20 14:39:35,,,175.25,18,AT
14.02.20 14:39:35,,,175.25,235,AT
14.02.20 14:39:35,,,175.25,107,AT
14.02.20 14:39:33,,,175.20,400,AT
14.02.20 14:39:33,,,175.20,220,AT
14.02.20 14:39:33,,,175.20,199,AT
14.02.20 14:39:33,,,175.20,782,AT
14.02.20 14:39:33,,,175.20,547,AT
14.02.20 14:39:33,,,175.15,142,AT
14.02.20 14:39:33,,,175.15,350,AT
14.02.20 14:39:33,,,175.15,"1,999",AT
14.02.20 14:37:29,,,175.15,22,AT
14.02.20 14:37:29,,,175.15,323,AT
14.02.20 14:37:29,,,175.15,199,AT
14.02.20 14:37:29,,,175.15,225,AT
14.02.20 14:37:29,,,175.15,100,AT
14.02.20 14:37:29,,,175.15,164,AT
14.02.20 14:37:28,,,175.15,23,AT
14.02.20 14:37:28,,,175.15,154,AT
14.02.20 14:37:28,,,175.15,500,AT
14.02.20 14:37:28,,,175.15,137,AT
14.02.20 14:37:28,,,175.15,142,AT
14.02.20 14:37:28,,,175.15,121,AT
14.02.20 14:37:28,,,175.15,385,AT
14.02.20 14:36:52,,,175.15,476,AT
14.02.20 14:36:49,,,175.15,476,AT
14.02.20 14:36:47,,,175.15,228,AT
14.02.20 14:36:47,,,175.15,37,AT
14.02.20 14:36:47,,,175.15,478,AT
14.02.20 14:36:47,,,175.15,98,AT
14.02.20 14:36:47,,,175.15,648,AT
14.02.20 14:36:47,,,175.15,191,AT
14.02.20 14:36:47,,,175.15,224,AT
14.02.20 14:34:54,,,175.20,13,AT
14.02.20 14:34:53,,,175.15,190,AT
14.02.20 14:34:53,,,175.20,635,AT
14.02.20 14:34:53,,,175.20,535,AT
14.02.20 14:34:53,,,175.20,47,AT
14.02.20 14:34:53,,,175.20,492,AT
14.02.20 14:34:53,,,175.20,500,AT
14.02.20 14:33:28,,,175.20,446,AT
14.02.20 14:33:15,,,175.20,500,AT
14.02.20 14:32:27,,,175.20,115,AT
14.02.20 14:32:27,,,175.20,500,AT
14.02.20 14:32:04,,,175.25,295,AT
14.02.20 14:32:04,,,175.25,157,AT
14.02.20 14:32:02,,,175.20,809,AT
14.02.20 14:32:02,,,175.20,7,AT
14.02.20 14:31:50,,,175.20,97,AT
14.02.20 14:31:26,,,175.20,13,AT
14.02.20 14:30:56,,,175.20,68,AT
14.02.20 14:30:12,,,175.25,20,AT
14.02.20 14:30:00,,,175.20,187,AT
14.02.20 14:30:00,,,175.20,656,AT
14.02.20 14:29:48,,,175.25,139,AT
14.02.20 14:29:47,,,175.25,115,AT
14.02.20 14:29:47,,,175.25,93,AT
14.02.20 14:29:47,,,175.25,156,AT
14.02.20 14:29:47,,,175.25,209,AT
14.02.20 14:29:47,,,175.25,549,AT
14.02.20 14:29:47,,,175.20,148,AT
14.02.20 14:29:47,,,175.20,49,AT
14.02.20 14:29:47,,,175.20,200,AT
14.02.20 14:29:47,,,175.20,87,AT
14.02.20 14:29:47,,,175.20,409,AT
14.02.20 14:27:18,,,175.15,838,AT
14.02.20 14:26:15,,,175.20,500,AT
14.02.20 14:25:33,,,175.20,118,AT
14.02.20 14:25:33,,,175.20,200,AT
14.02.20 14:25:33,,,175.20,16,AT
14.02.20 14:25:33,,,175.20,40,AT
14.02.20 14:25:33,,,175.20,77,AT
14.02.20 14:25:33,,,175.20,149,AT
14.02.20 14:25:00,,,175.15,337,AT
14.02.20 14:25:00,,,175.15,139,AT
14.02.20 14:24:31,,,175.15,"1,057",AT
14.02.20 14:24:31,,,175.15,155,AT
14.02.20 14:24:31,,,175.15,500,AT
14.02.20 14:24:31,,,175.15,192,AT
14.02.20 14:24:30,,,175.15,2,AT
14.02.20 14:24:30,,,175.15,43,AT
14.02.20 14:24:30,,,175.15,152,AT
14.02.20 14:24:30,,,175.15,43,AT
14.02.20 14:24:30,,,175.15,152,AT
14.02.20 14:24:30,,,175.15,407,AT
14.02.20 14:24:30,,,175.15,718,AT
14.02.20 14:24:30,,,175.15,597,AT
14.02.20 14:24:30,,,175.15,170,AT
14.02.20 14:24:30,,,175.15,146,AT
14.02.20 14:23:33,,,175.15,238,AT
14.02.20 14:23:33,,,175.15,123,AT
14.02.20 14:23:33,,,175.15,159,AT
14.02.20 14:23:33,,,175.15,149,AT
14.02.20 14:23:33,,,175.15,161,AT
14.02.20 14:23:33,,,175.15,161,AT
14.02.20 14:23:33,,,175.15,93,AT
14.02.20 14:23:33,,,175.15,154,AT
14.02.20 14:23:14,,,175.10,75,AT
14.02.20 14:23:14,,,175.10,78,AT
14.02.20 14:19:22,,,175.10,735,AT
14.02.20 14:19:22,,,175.10,175,AT
14.02.20 14:19:22,,,175.10,63,AT
14.02.20 14:19:22,,,175.10,55,AT
14.02.20 14:19:22,,,175.10,6,AT
14.02.20 14:19:22,,,175.10,151,AT
14.02.20 14:17:55,,,175.05,"1,597",AT
14.02.20 14:17:55,,,175.05,98,AT
14.02.20 14:17:55,,,175.05,79,AT
14.02.20 14:17:55,,,175.05,130,AT
14.02.20 14:17:46,,,175.05,210,AT
14.02.20 14:17:46,,,175.05,4,AT
14.02.20 14:16:29,,,175.05,336,AT
14.02.20 14:16:29,,,175.05,122,AT
14.02.20 14:16:29,,,175.05,114,AT
14.02.20 14:16:29,,,175.05,100,AT
14.02.20 14:16:29,,,175.05,4,AT
14.02.20 14:16:29,,,175.05,99,AT
14.02.20 14:16:29,,,175.05,2,AT
14.02.20 14:14:54,,,175.05,239,AT
14.02.20 14:14:54,,,175.05,261,AT
14.02.20 14:14:54,,,175.05,340,AT
14.02.20 14:14:30,,,175.15,137,AT
14.02.20 14:13:29,,,175.20,4,AT
14.02.20 14:12:46,,,175.15,145,AT
14.02.20 14:12:46,,,175.15,274,AT
14.02.20 14:11:11,,,175.10,225,AT
14.02.20 14:11:11,,,175.10,145,AT
14.02.20 14:11:05,,,175.05,176,AT
14.02.20 14:11:05,,,175.05,158,AT
14.02.20 14:11:05,,,175.05,200,AT
14.02.20 14:10:35,,,175.05,39,AT
14.02.20 14:10:35,,,175.05,73,AT
14.02.20 14:10:35,,,175.05,38,AT
14.02.20 14:10:35,,,175.05,117,AT
14.02.20 14:09:08,,,175.10,329,AT
14.02.20 14:09:08,,,175.10,90,AT
14.02.20 14:09:08,,,175.10,184,AT
14.02.20 14:08:44,,,175.15,145,AT
14.02.20 14:08:44,,,175.15,54,AT
14.02.20 14:08:44,,,175.15,145,AT
14.02.20 14:08:14,,,175.15,553,AT
14.02.20 14:08:14,,,175.15,824,AT
14.02.20 14:08:14,,,175.15,32,AT
14.02.20 14:08:14,,,175.15,279,AT
14.02.20 14:08:14,,,175.15,262,AT
14.02.20 14:07:39,,,175.20,246,AT
14.02.20 14:07:39,,,175.20,42,AT
14.02.20 14:07:39,,,175.20,90,AT
14.02.20 14:07:39,,,175.15,151,AT
14.02.20 14:07:39,,,175.15,262,AT
14.02.20 14:07:39,,,175.15,38,AT
14.02.20 14:07:39,,,175.15,254,AT
14.02.20 14:07:08,,,175.15,49,AT
14.02.20 14:06:18,,,175.10,157,AT
14.02.20 14:06:18,,,175.10,"1,134",AT
14.02.20 14:03:56,,,175.05,6,AT
14.02.20 14:03:56,,,175.05,410,AT
14.02.20 14:03:56,,,175.05,153,AT
14.02.20 14:03:56,,,175.05,269,AT
14.02.20 14:03:56,,,175.05,6,AT
14.02.20 14:03:56,,,175.05,57,AT
14.02.20 14:03:56,,,175.05,799,AT
14.02.20 14:03:56,,,175.05,229,AT
14.02.20 14:00:54,,,175.00,171,AT
14.02.20 14:00:54,,,175.00,945,AT
14.02.20 14:00:54,,,175.00,114,AT
14.02.20 14:00:54,,,175.00,24,AT
14.02.20 14:00:41,,,175.05,12,AT
14.02.20 14:00:41,,,175.05,4,AT
14.02.20 14:00:31,,,175.05,108,AT
14.02.20 14:00:31,,,175.05,56,AT
14.02.20 13:58:02,,,175.05,135,AT
14.02.20 13:58:02,,,175.05,111,AT
14.02.20 13:56:36,,,175.10,283,AT
14.02.20 13:56:36,,,175.10,18,AT
14.02.20 13:56:36,,,175.10,306,AT
14.02.20 13:56:22,,,175.05,254,AT
14.02.20 13:56:22,,,175.05,287,AT
14.02.20 13:56:22,,,175.05,387,AT
14.02.20 13:56:22,,,175.05,31,AT
14.02.20 13:56:22,,,175.05,111,AT
14.02.20 13:56:22,,,175.05,200,AT
14.02.20 13:56:22,,,175.05,289,AT
14.02.20 13:52:13,,,175.00,279,AT
14.02.20 13:52:13,,,175.00,118,AT
14.02.20 13:52:13,,,175.00,500,AT
14.02.20 13:51:05,,,175.05,98,AT
14.02.20 13:51:05,,,175.05,425,AT
14.02.20 13:51:05,,,175.05,235,AT
14.02.20 13:49:34,,,175.10,16,AT
14.02.20 13:49:34,,,175.10,327,AT
14.02.20 13:47:56,,,175.10,182,AT
14.02.20 13:46:36,,,175.10,6,AT
14.02.20 13:46:36,,,175.10,201,AT
14.02.20 13:46:36,,,175.10,71,AT
14.02.20 13:46:36,,,175.10,100,AT
14.02.20 13:46:36,,,175.10,154,AT
14.02.20 13:44:47,,,175.10,77,AT
14.02.20 13:44:47,,,175.10,11,AT
14.02.20 13:44:47,,,175.10,61,AT
14.02.20 13:44:17,,,175.10,54,AT
14.02.20 13:43:32,,,175.10,103,AT
14.02.20 13:43:32,,,175.10,367,AT
14.02.20 13:43:32,,,175.10,227,AT
14.02.20 13:43:32,,,175.10,259,AT
14.02.20 13:43:32,,,175.10,56,AT
14.02.20 13:43:12,,,175.15,659,AT
14.02.20 13:43:11,,,175.15,239,AT
14.02.20 13:43:11,,,175.10,196,AT
14.02.20 13:42:42,,,175.05,182,AT
14.02.20 13:42:42,,,175.05,209,AT
14.02.20 13:42:42,,,175.05,209,AT
14.02.20 13:42:42,,,175.05,158,AT
14.02.20 13:42:42,,,175.05,500,AT
14.02.20 13:42:42,,,175.05,290,AT
14.02.20 13:42:32,,,175.00,296,AT
14.02.20 13:42:32,,,175.00,361,AT
14.02.20 13:42:32,,,175.00,65,AT
14.02.20 13:42:32,,,175.00,74,AT
14.02.20 13:42:32,,,175.00,530,AT
14.02.20 13:42:32,,,175.00,322,AT
14.02.20 13:42:32,,,175.00,175,AT
14.02.20 13:42:32,,,175.00,"1,632",AT
14.02.20 13:42:32,,,175.00,193,AT
14.02.20 13:39:22,,,175.00,16,AT
14.02.20 13:38:59,,,175.00,197,AT
14.02.20 13:38:59,,,175.00,190,AT
14.02.20 13:38:59,,,175.00,145,AT
14.02.20 13:38:59,,,175.00,117,AT
14.02.20 13:35:38,,,174.95,159,AT
14.02.20 13:35:38,,,174.95,54,AT
14.02.20 13:35:14,,,174.90,158,AT
14.02.20 13:34:46,,,174.85,528,AT
14.02.20 13:34:46,,,174.85,480,AT
14.02.20 13:34:46,,,174.85,733,AT
14.02.20 13:34:46,,,174.85,500,AT
14.02.20 13:34:38,,,174.85,428,AT
14.02.20 13:34:38,,,174.85,159,AT
14.02.20 13:34:38,,,174.85,244,AT
14.02.20 13:34:38,,,174.85,28,AT
14.02.20 13:34:38,,,174.85,522,AT
14.02.20 13:34:38,,,174.85,763,AT
14.02.20 13:34:38,,,174.85,500,AT
14.02.20 13:34:38,,,174.80,459,AT
14.02.20 13:34:38,,,174.80,54,AT
14.02.20 13:34:38,,,174.80,146,AT
14.02.20 13:34:38,,,174.80,800,AT
14.02.20 13:33:00,,,174.75,214,AT
14.02.20 13:33:00,,,174.75,110,AT
14.02.20 13:33:00,,,174.75,151,AT
14.02.20 13:32:36,,,174.70,16,AT
14.02.20 13:32:36,,,174.70,104,AT
14.02.20 13:32:21,,,174.65,500,AT
14.02.20 13:32:21,,,174.65,93,AT
14.02.20 13:32:21,,,174.65,2,AT
14.02.20 13:32:21,,,174.65,528,AT
14.02.20 13:31:12,,,174.65,48,AT
14.02.20 13:31:12,,,174.65,500,AT
14.02.20 13:30:49,,,174.70,6,AT
14.02.20 13:30:49,,,174.70,71,AT
14.02.20 13:30:49,,,174.70,153,AT
14.02.20 13:30:01,,,174.65,446,AT
14.02.20 13:30:01,,,174.65,154,AT
14.02.20 13:30:01,,,174.65,195,AT
14.02.20 13:28:37,,,174.60,391,AT
14.02.20 13:28:36,,,174.60,95,AT
14.02.20 13:28:17,,,174.65,500,AT
14.02.20 13:28:17,,,174.65,154,AT
14.02.20 13:28:17,,,174.65,667,AT
14.02.20 13:28:17,,,174.65,515,AT
14.02.20 13:28:17,,,174.65,500,AT
14.02.20 13:27:37,,,174.65,93,AT
14.02.20 13:27:37,,,174.65,16,AT
14.02.20 13:27:17,,,174.65,83,AT
14.02.20 13:27:17,,,174.65,328,AT
14.02.20 13:27:17,,,174.65,99,AT
14.02.20 13:27:17,,,174.65,223,AT
14.02.20 13:27:17,,,174.65,145,AT
14.02.20 13:27:17,,,174.65,5,AT
14.02.20 13:27:11,,,174.65,100,AT
14.02.20 13:25:46,,,174.60,617,AT
14.02.20 13:25:46,,,174.60,200,AT
14.02.20 13:25:26,,,174.60,123,AT
14.02.20 13:25:26,,,174.60,392,AT
14.02.20 13:24:57,,,174.65,100,AT
14.02.20 13:24:36,,,174.65,84,AT
14.02.20 13:24:36,,,174.65,346,AT
14.02.20 13:24:09,,,174.70,94,AT
14.02.20 13:24:09,,,174.70,218,AT
14.02.20 13:24:09,,,174.70,526,AT
14.02.20 13:24:09,,,174.70,146,AT
14.02.20 13:24:09,,,174.70,54,AT
14.02.20 13:20:49,,,174.75,100,AT
14.02.20 13:20:49,,,174.75,237,AT
14.02.20 13:20:49,,,174.75,18,AT
14.02.20 13:20:49,,,174.75,553,AT
14.02.20 13:19:45,,,174.75,157,AT
14.02.20 13:19:45,,,174.75,477,AT
14.02.20 13:19:31,,,174.70,126,AT
14.02.20 13:18:33,,,174.75,19,AT
14.02.20 13:18:33,,,174.75,2,AT
14.02.20 13:17:03,,,174.75,160,AT
14.02.20 13:17:03,,,174.75,899,AT
14.02.20 13:17:03,,,174.75,101,AT
14.02.20 13:16:31,,,174.75,137,AT
14.02.20 13:16:25,,,174.75,6,AT
14.02.20 13:16:25,,,174.75,33,AT
14.02.20 13:16:25,,,174.75,38,AT
14.02.20 13:16:25,,,174.75,225,AT
14.02.20 13:14:13,,,174.70,233,AT
14.02.20 13:14:13,,,174.70,770,AT
14.02.20 13:14:13,,,174.70,496,AT
14.02.20 13:11:47,,,174.65,536,AT
14.02.20 13:11:47,,,174.65,150,AT
14.02.20 13:11:47,,,174.65,247,AT
14.02.20 13:11:47,,,174.65,118,AT
14.02.20 13:11:47,,,174.65,129,AT
14.02.20 13:10:44,,,174.65,97,AT
14.02.20 13:10:44,,,174.65,314,AT
14.02.20 13:10:43,,,174.70,41,AT
14.02.20 13:10:43,,,174.70,531,AT
14.02.20 13:10:20,,,174.75,330,AT
14.02.20 13:10:20,,,174.75,42,AT
14.02.20 13:10:20,,,174.75,342,AT
14.02.20 13:10:20,,,174.75,150,AT
14.02.20 13:10:20,,,174.75,308,AT
14.02.20 13:10:20,,,174.75,"1,299",AT
14.02.20 13:10:20,,,174.75,800,AT
14.02.20 13:10:20,,,174.75,"1,012",AT
14.02.20 13:10:20,,,174.75,99,AT
14.02.20 13:10:20,,,174.75,229,AT
14.02.20 13:10:20,,,174.75,433,AT
14.02.20 13:10:20,,,174.75,354,AT
14.02.20 13:10:20,,,174.75,446,AT
14.02.20 13:10:20,,,174.75,566,AT
14.02.20 13:09:02,,,174.75,500,AT
14.02.20 13:09:02,,,174.75,383,AT
14.02.20 13:09:01,,,174.80,312,AT
14.02.20 13:09:01,,,174.80,31,AT
14.02.20 13:09:01,,,174.80,114,AT
14.02.20 13:09:01,,,174.80,359,AT
14.02.20 13:09:01,,,174.80,234,AT
14.02.20 13:07:30,,,174.80,16,AT
14.02.20 13:07:25,,,174.80,474,AT
14.02.20 13:07:25,,,174.80,151,AT
14.02.20 13:07:05,,,174.85,25,AT
14.02.20 13:07:01,,,174.80,115,AT
14.02.20 13:07:01,,,174.80,8,AT
14.02.20 13:06:53,,,174.80,63,AT
14.02.20 13:06:53,,,174.80,513,AT
14.02.20 13:06:31,,,174.80,636,AT
14.02.20 13:06:31,,,174.80,542,AT
14.02.20 13:06:31,,,174.80,407,AT
14.02.20 13:06:31,,,174.80,686,AT
14.02.20 13:06:31,,,174.80,352,AT
14.02.20 13:06:31,,,174.80,5,AT
14.02.20 13:06:31,,,174.80,323,AT
14.02.20 13:06:31,,,174.80,257,AT
14.02.20 13:06:31,,,174.80,138,AT
14.02.20 13:06:31,,,174.80,212,AT
14.02.20 13:06:31,,,174.80,111,AT
14.02.20 13:06:31,,,174.80,"1,181",AT
14.02.20 13:06:31,,,174.80,382,AT
14.02.20 13:06:31,,,174.80,7,AT
14.02.20 13:06:31,,,174.80,97,AT
14.02.20 13:06:31,,,174.80,278,AT
14.02.20 13:06:31,,,174.80,79,AT
14.02.20 13:06:31,,,174.80,720,AT
14.02.20 13:06:31,,,174.80,"1,201",AT
14.02.20 13:06:22,,,174.80,547,AT
14.02.20 13:03:27,,,174.85,22,AT
14.02.20 13:03:27,,,174.85,288,AT
14.02.20 13:03:13,,,174.80,168,AT
14.02.20 13:03:13,,,174.85,108,AT
14.02.20 13:02:43,,,174.90,211,AT
14.02.20 13:02:43,,,174.90,115,AT
14.02.20 13:02:43,,,174.90,364,AT
14.02.20 13:02:43,,,174.90,65,AT
14.02.20 13:02:43,,,174.90,10,AT
14.02.20 13:02:43,,,174.90,2,AT
14.02.20 13:01:34,,,174.90,56,AT
14.02.20 13:00:24,,,174.95,3,AT
14.02.20 13:00:00,,,174.90,200,AT
14.02.20 13:00:00,,,174.90,100,AT
14.02.20 13:00:00,,,174.90,221,AT
14.02.20 13:00:00,,,174.90,279,AT
14.02.20 13:00:00,,,174.90,161,AT
14.02.20 13:00:00,,,174.90,986,AT
14.02.20 13:00:00,,,174.90,62,AT
14.02.20 13:00:00,,,174.90,192,AT
14.02.20 13:00:00,,,174.90,323,AT
14.02.20 12:59:03,,,174.85,159,AT
14.02.20 12:56:50,,,174.85,27,AT
14.02.20 12:54:56,,,174.85,358,AT
14.02.20 12:54:54,,,174.85,252,AT
14.02.20 12:53:26,,,174.85,24,AT
14.02.20 12:53:24,,,174.85,380,AT
14.02.20 12:53:24,,,174.85,151,AT
14.02.20 12:53:24,,,174.85,13,AT
14.02.20 12:53:24,,,174.85,111,AT
14.02.20 12:53:24,,,174.85,51,AT
14.02.20 12:53:24,,,174.85,500,AT
14.02.20 12:53:10,,,174.85,5,AT
14.02.20 12:53:10,,,174.85,184,AT
14.02.20 12:53:10,,,174.85,835,AT
14.02.20 12:53:10,,,174.85,270,AT
14.02.20 12:52:30,,,174.85,500,AT
14.02.20 12:51:31,,,174.85,149,AT
14.02.20 12:51:31,,,174.85,201,AT
14.02.20 12:51:31,,,174.85,14,AT
14.02.20 12:50:30,,,174.80,14,AT
14.02.20 12:50:30,,,174.80,517,AT
14.02.20 12:50:30,,,174.80,590,AT
14.02.20 12:50:04,,,174.80,115,AT
14.02.20 12:49:24,,,174.80,4,AT
14.02.20 12:48:50,,,174.85,169,AT
14.02.20 12:48:48,,,174.80,100,AT
14.02.20 12:48:47,,,174.80,500,AT
14.02.20 12:48:41,,,174.80,30,AT
14.02.20 12:48:41,,,174.80,145,AT
14.02.20 12:48:31,,,174.85,500,AT
14.02.20 12:48:31,,,174.85,"3,118",AT
14.02.20 12:47:16,,,174.90,93,AT
14.02.20 12:47:16,,,174.90,133,AT
14.02.20 12:47:16,,,174.90,323,AT
14.02.20 12:47:16,,,174.90,151,AT
14.02.20 12:47:00,,,174.85,53,AT
14.02.20 12:46:32,,,174.85,837,AT
14.02.20 12:46:32,,,174.85,70,AT
14.02.20 12:46:32,,,174.85,200,AT
14.02.20 12:46:22,,,174.80,264,AT
14.02.20 12:46:19,,,174.80,800,AT
14.02.20 12:46:18,,,174.90,440,AT
14.02.20 12:46:18,,,174.90,500,AT
14.02.20 12:46:18,,,174.90,86,AT
14.02.20 12:46:18,,,174.90,"1,000",AT
14.02.20 12:46:18,,,174.90,"3,716",AT
14.02.20 12:46:18,,,174.90,427,AT
14.02.20 12:46:18,,,174.90,24,AT
14.02.20 12:46:18,,,174.90,340,AT
14.02.20 12:46:18,,,174.90,10,AT
14.02.20 12:46:18,,,174.90,285,AT
14.02.20 12:46:18,,,174.90,513,AT
14.02.20 12:46:18,,,174.90,516,AT
14.02.20 12:46:18,,,174.90,278,AT
14.02.20 12:46:18,,,174.90,107,AT
14.02.20 12:46:18,,,174.90,"1,053",AT
14.02.20 12:44:33,,,174.90,240,AT
14.02.20 12:44:33,,,174.90,33,AT
14.02.20 12:43:02,,,174.90,819,AT
14.02.20 12:43:02,,,174.90,267,AT
14.02.20 12:43:02,,,174.90,"1,086",AT
14.02.20 12:43:02,,,174.90,262,AT
14.02.20 12:43:02,,,174.90,"1,086",AT
14.02.20 12:43:02,,,174.90,238,AT
14.02.20 12:40:38,,,174.95,97,AT
14.02.20 12:40:38,,,174.95,926,AT
14.02.20 12:40:38,,,174.95,586,AT
14.02.20 12:40:38,,,174.95,500,AT
14.02.20 12:40:33,,,174.95,544,AT
14.02.20 12:40:33,,,174.95,271,AT
14.02.20 12:40:33,,,174.95,815,AT
14.02.20 12:40:33,,,174.95,815,AT
14.02.20 12:40:33,,,174.95,271,AT
14.02.20 12:40:33,,,174.95,181,AT
14.02.20 12:40:33,,,174.95,206,AT
14.02.20 12:40:33,,,174.95,153,AT
14.02.20 12:37:51,,,174.90,100,AT
14.02.20 12:37:49,,,174.90,117,AT
14.02.20 12:37:49,,,174.90,7,AT
14.02.20 12:37:49,,,174.90,112,AT
14.02.20 12:36:12,,,174.90,153,AT
14.02.20 12:36:12,,,174.90,140,AT
14.02.20 12:34:41,,,174.85,251,AT
14.02.20 12:34:41,,,174.85,157,AT
14.02.20 12:34:41,,,174.85,192,AT
14.02.20 12:34:41,,,174.85,498,AT
14.02.20 12:34:21,,,174.80,"2,121",AT
14.02.20 12:34:21,,,174.80,504,AT
14.02.20 12:34:21,,,174.80,296,AT
14.02.20 12:34:21,,,174.80,117,AT
14.02.20 12:34:21,,,174.80,683,AT
14.02.20 12:34:21,,,174.80,117,AT
14.02.20 12:34:21,,,174.80,800,AT
14.02.20 12:34:21,,,174.80,572,AT
14.02.20 12:33:54,,,174.85,199,AT
14.02.20 12:33:43,,,174.90,273,AT
14.02.20 12:33:43,,,174.90,302,AT
14.02.20 12:33:43,,,174.90,500,AT
14.02.20 12:32:37,,,174.90,4,AT
14.02.20 12:32:37,,,174.90,500,AT
14.02.20 12:31:10,,,174.90,69,AT
14.02.20 12:31:10,,,174.90,180,AT
14.02.20 12:30:53,,,174.85,520,AT
14.02.20 12:29:23,,,174.90,20,AT
14.02.20 12:28:02,,,174.95,90,AT
14.02.20 12:28:02,,,174.95,266,AT
14.02.20 12:28:02,,,174.95,278,AT
14.02.20 12:28:02,,,174.95,627,AT
14.02.20 12:28:02,,,174.95,85,AT
14.02.20 12:28:02,,,175.00,4,AT
14.02.20 12:28:02,,,175.00,140,AT
14.02.20 12:28:02,,,175.00,164,AT
14.02.20 12:28:00,,,175.00,500,AT
14.02.20 12:28:00,,,175.00,115,AT
14.02.20 12:28:00,,,175.00,33,AT
14.02.20 12:28:00,,,175.00,210,AT
14.02.20 12:26:25,,,175.00,75,AT
14.02.20 12:26:25,,,175.00,10,AT
14.02.20 12:26:14,,,175.00,192,AT
14.02.20 12:26:14,,,175.00,49,AT
14.02.20 12:24:10,,,174.95,25,AT
14.02.20 12:24:10,,,174.95,120,AT
14.02.20 12:24:10,,,174.95,18,AT
14.02.20 12:24:02,,,175.00,4,AT
14.02.20 12:24:02,,,175.00,60,AT
14.02.20 12:24:02,,,175.00,12,AT
14.02.20 12:24:02,,,175.00,25,AT
14.02.20 12:22:56,,,174.95,98,AT
14.02.20 12:22:56,,,174.95,252,AT
14.02.20 12:22:56,,,174.95,138,AT
14.02.20 12:22:56,,,174.95,440,AT
14.02.20 12:22:56,,,174.95,650,AT
14.02.20 12:22:26,,,174.90,243,AT
14.02.20 12:22:26,,,174.90,214,AT
14.02.20 12:22:26,,,174.90,135,AT
14.02.20 12:22:26,,,174.90,109,AT
14.02.20 12:22:26,,,174.90,370,AT
14.02.20 12:22:26,,,174.90,222,AT
14.02.20 12:22:26,,,174.90,59,AT
14.02.20 12:22:26,,,174.90,300,AT
14.02.20 12:20:18,,,174.90,357,AT
14.02.20 12:20:17,,,174.85,200,AT
14.02.20 12:20:17,,,174.85,216,AT
14.02.20 12:20:17,,,174.85,141,AT
14.02.20 12:20:13,,,174.85,10,AT
14.02.20 12:18:51,,,174.85,440,AT
14.02.20 12:18:40,,,174.85,69,AT
14.02.20 12:18:40,,,174.85,6,AT
14.02.20 12:18:40,,,174.85,416,AT
14.02.20 12:18:40,,,174.85,502,AT
14.02.20 12:18:40,,,174.85,338,AT
14.02.20 12:18:40,,,174.85,154,AT
14.02.20 12:18:34,,,174.80,671,AT
14.02.20 12:18:34,,,174.80,118,AT
14.02.20 12:18:34,,,174.80,11,AT
14.02.20 12:18:34,,,174.80,266,AT
14.02.20 12:18:34,,,174.80,267,AT
14.02.20 12:18:34,,,174.80,533,AT
14.02.20 12:18:34,,,174.80,111,AT
14.02.20 12:18:34,,,174.80,422,AT
14.02.20 12:18:02,,,174.80,378,AT
14.02.20 12:18:02,,,174.85,127,AT
14.02.20 12:16:04,,,174.85,93,AT
14.02.20 12:16:04,,,174.85,18,AT
14.02.20 12:15:51,,,174.90,"1,000",AT
14.02.20 12:13:21,,,174.85,11,AT
14.02.20 12:13:20,,,174.85,222,AT
14.02.20 12:13:20,,,174.85,395,AT
14.02.20 12:13:20,,,174.85,101,AT
14.02.20 12:13:20,,,174.85,195,AT
14.02.20 12:13:20,,,174.85,174,AT
14.02.20 12:11:42,,,174.80,271,AT
14.02.20 12:08:06,,,174.80,3,AT
14.02.20 12:08:06,,,174.80,189,AT
14.02.20 12:08:06,,,174.80,151,AT
14.02.20 12:08:06,,,174.80,178,AT
14.02.20 12:08:03,,,174.75,401,AT
14.02.20 12:08:03,,,174.75,20,AT
14.02.20 12:08:03,,,174.75,585,AT
14.02.20 12:08:03,,,174.75,800,AT
14.02.20 12:08:03,,,174.75,825,AT
14.02.20 12:08:03,,,174.75,800,AT
14.02.20 12:08:03,,,174.75,585,AT
14.02.20 12:08:03,,,174.75,800,AT
14.02.20 12:08:03,,,174.75,240,AT
14.02.20 12:08:03,,,174.80,768,AT
14.02.20 12:08:03,,,174.80,66,AT
14.02.20 12:08:03,,,174.80,178,AT
14.02.20 12:05:34,,,174.85,566,AT
14.02.20 12:05:34,,,174.85,145,AT
14.02.20 12:05:34,,,174.85,10,AT
14.02.20 12:04:31,,,174.80,317,AT
14.02.20 12:04:30,,,174.80,438,AT
14.02.20 12:04:30,,,174.80,98,AT
14.02.20 12:04:30,,,174.80,599,AT
14.02.20 12:04:30,,,174.80,98,AT
14.02.20 12:04:30,,,174.80,103,AT
14.02.20 12:04:30,,,174.80,103,AT
14.02.20 12:04:30,,,174.80,798,AT
14.02.20 12:03:38,,,174.90,343,AT
14.02.20 12:03:38,,,174.90,205,AT
14.02.20 12:03:38,,,174.85,217,AT
14.02.20 12:03:38,,,174.85,21,AT
14.02.20 12:03:38,,,174.85,283,AT
14.02.20 12:03:38,,,174.85,174,AT
14.02.20 12:03:38,,,174.85,191,AT
14.02.20 12:03:38,,,174.85,153,AT
14.02.20 12:01:59,,,174.80,798,AT
14.02.20 12:01:59,,,174.80,2,AT
14.02.20 12:01:59,,,174.80,2,AT
14.02.20 12:01:30,,,174.80,798,AT
14.02.20 12:01:30,,,174.80,798,AT
14.02.20 12:00:18,,,174.80,2,AT
14.02.20 11:59:25,,,174.80,88,AT
14.02.20 11:59:25,,,174.80,100,AT
14.02.20 11:59:25,,,174.80,102,AT
14.02.20 11:59:25,,,174.80,247,AT
14.02.20 11:59:25,,,174.80,160,AT
14.02.20 11:59:25,,,174.80,15,AT
14.02.20 11:59:25,,,174.80,136,AT
14.02.20 11:58:49,,,174.75,784,AT
14.02.20 11:58:29,,,174.75,532,AT
14.02.20 11:58:29,,,174.75,268,AT
14.02.20 11:58:16,,,174.75,3,AT
14.02.20 11:58:16,,,174.75,101,AT
14.02.20 11:58:16,,,174.75,3,AT
14.02.20 11:58:13,,,174.75,410,AT
14.02.20 11:58:13,,,174.75,90,AT
14.02.20 11:53:23,,,174.75,246,AT
14.02.20 11:53:23,,,174.80,87,AT
14.02.20 11:53:23,,,174.80,20,AT
14.02.20 11:53:23,,,174.80,563,AT
14.02.20 11:52:16,,,174.80,2,AT
14.02.20 11:51:49,,,174.85,148,AT
14.02.20 11:51:49,,,174.85,338,AT
14.02.20 11:51:32,,,174.75,3,AT
14.02.20 11:51:32,,,174.80,64,AT
14.02.20 11:51:32,,,174.80,198,AT
14.02.20 11:51:32,,,174.80,242,AT
14.02.20 11:51:32,,,174.80,494,AT
14.02.20 11:50:59,,,174.85,274,AT
14.02.20 11:50:59,,,174.85,229,AT
14.02.20 11:50:59,,,174.85,"1,762",AT
14.02.20 11:50:59,,,174.85,33,AT
14.02.20 11:50:01,,,174.85,329,AT
14.02.20 11:50:01,,,174.85,47,AT
14.02.20 11:50:01,,,174.85,104,AT
14.02.20 11:50:01,,,174.85,33,AT
14.02.20 11:49:43,,,174.80,"1,585",AT
14.02.20 11:49:43,,,174.80,168,AT
14.02.20 11:49:43,,,174.80,994,AT
14.02.20 11:49:43,,,174.80,"3,000",AT
14.02.20 11:49:43,,,174.80,"3,000",AT
14.02.20 11:47:21,,,174.75,24,AT
14.02.20 11:47:21,,,174.75,671,AT
14.02.20 11:47:21,,,174.80,546,AT
14.02.20 11:47:21,,,174.80,"1,185",AT
14.02.20 11:47:20,,,174.80,164,AT
14.02.20 11:47:20,,,174.80,95,AT
14.02.20 11:47:20,,,174.80,221,AT
14.02.20 11:47:20,,,174.80,15,AT
14.02.20 11:47:20,,,174.80,61,AT
14.02.20 11:47:20,,,174.80,"1,148",AT
14.02.20 11:47:20,,,174.80,111,AT
14.02.20 11:47:20,,,174.80,"1,723",AT
14.02.20 11:47:20,,,174.80,"1,480",AT
14.02.20 11:47:20,,,174.80,719,AT
14.02.20 11:47:20,,,174.80,801,AT
14.02.20 11:47:20,,,174.80,199,AT
14.02.20 11:47:20,,,174.80,386,AT
14.02.20 11:47:20,,,174.80,371,AT
14.02.20 11:47:20,,,174.80,"1,000",AT
14.02.20 11:47:20,,,174.80,247,AT
14.02.20 11:47:20,,,174.80,"1,000",AT
14.02.20 11:47:00,,,174.80,109,AT
14.02.20 11:47:00,,,174.80,273,AT
14.02.20 11:45:48,,,174.75,372,AT
14.02.20 11:45:46,,,174.70,522,AT
14.02.20 11:45:46,,,174.70,217,AT
14.02.20 11:45:46,,,174.70,160,AT
14.02.20 11:45:46,,,174.70,222,AT
14.02.20 11:45:46,,,174.70,136,AT
14.02.20 11:45:46,,,174.70,21,AT
14.02.20 11:45:26,,,174.60,29,AT
14.02.20 11:43:43,,,174.65,174,AT
14.02.20 11:43:43,,,174.60,160,AT
14.02.20 11:43:43,,,174.60,200,AT
14.02.20 11:43:43,,,174.60,40,AT
14.02.20 11:43:43,,,174.60,204,AT
14.02.20 11:39:05,,,174.65,163,AT
14.02.20 11:38:34,,,174.65,107,AT
14.02.20 11:38:30,,,174.70,295,AT
14.02.20 11:38:30,,,174.75,34,AT
14.02.20 11:38:30,,,174.75,135,AT
14.02.20 11:38:30,,,174.80,783,AT
14.02.20 11:38:30,,,174.80,532,AT
14.02.20 11:38:30,,,174.80,749,AT
14.02.20 11:38:30,,,174.80,310,AT
14.02.20 11:38:30,,,174.80,112,AT
14.02.20 11:38:30,,,174.80,549,AT
14.02.20 11:38:30,,,174.80,193,AT
14.02.20 11:38:30,,,174.80,526,AT
14.02.20 11:36:30,,,174.85,101,AT
14.02.20 11:33:06,,,174.85,245,AT
14.02.20 11:33:06,,,174.85,110,AT
14.02.20 11:33:06,,,174.85,264,AT
14.02.20 11:33:06,,,174.85,177,AT
14.02.20 11:32:45,,,174.90,830,AT
14.02.20 11:32:45,,,174.90,48,AT
14.02.20 11:32:45,,,174.90,9,AT
14.02.20 11:32:45,,,174.90,58,AT
14.02.20 11:31:45,,,174.90,113,AT
14.02.20 11:31:41,,,174.90,132,AT
14.02.20 11:31:41,,,174.90,175,AT
14.02.20 11:31:41,,,174.90,227,AT
14.02.20 11:31:41,,,174.85,287,AT
14.02.20 11:31:41,,,174.85,6,AT
14.02.20 11:30:47,,,174.85,138,AT
14.02.20 11:30:47,,,174.85,224,AT
14.02.20 11:30:25,,,174.80,159,AT
14.02.20 11:30:25,,,174.80,852,AT
14.02.20 11:30:25,,,174.80,60,AT
14.02.20 11:30:14,,,174.75,2,AT
14.02.20 11:29:38,,,174.75,2,AT
14.02.20 11:29:38,,,174.75,50,AT
14.02.20 11:29:38,,,174.75,6,AT
14.02.20 11:29:38,,,174.75,"1,791",AT
14.02.20 11:29:38,,,174.75,178,AT
14.02.20 11:29:38,,,174.75,129,AT
14.02.20 11:29:38,,,174.75,28,AT
14.02.20 11:29:38,,,174.75,95,AT
14.02.20 11:29:25,,,174.75,200,AT
14.02.20 11:29:25,,,174.75,172,AT
14.02.20 11:29:14,,,174.70,131,AT
14.02.20 11:26:23,,,174.70,61,AT
14.02.20 11:26:23,,,174.70,113,AT
14.02.20 11:25:42,,,174.70,270,AT
14.02.20 11:25:42,,,174.70,13,AT
14.02.20 11:25:42,,,174.70,300,AT
14.02.20 11:25:42,,,174.70,354,AT
14.02.20 11:25:42,,,174.70,522,AT
14.02.20 11:25:42,,,174.70,200,AT
14.02.20 11:25:42,,,174.70,300,AT
14.02.20 11:25:03,,,174.75,2,AT
14.02.20 11:25:02,,,174.75,158,AT
14.02.20 11:25:02,,,174.70,168,AT
14.02.20 11:25:02,,,174.70,546,AT
14.02.20 11:25:02,,,174.70,4,AT
14.02.20 11:25:02,,,174.70,543,AT
14.02.20 11:25:02,,,174.70,31,AT
14.02.20 11:23:43,,,174.65,318,AT
14.02.20 11:23:43,,,174.65,115,AT
14.02.20 11:23:40,,,174.60,883,AT
14.02.20 11:23:40,,,174.60,17,AT
14.02.20 11:23:40,,,174.60,530,AT
14.02.20 11:23:01,,,174.65,5,AT
14.02.20 11:23:01,,,174.65,22,AT
14.02.20 11:21:02,,,174.60,172,AT
14.02.20 11:21:02,,,174.60,36,AT
14.02.20 11:21:02,,,174.60,158,AT
14.02.20 11:21:02,,,174.60,146,AT
14.02.20 11:21:00,,,174.55,400,AT
14.02.20 11:20:56,,,174.50,10,AT
14.02.20 11:18:04,,,174.55,73,AT
14.02.20 11:18:04,,,174.55,348,AT
14.02.20 11:18:04,,,174.55,27,AT
14.02.20 11:18:04,,,174.55,57,AT
14.02.20 11:17:35,,,174.50,214,AT
14.02.20 11:17:25,,,174.55,500,AT
14.02.20 11:16:16,,,174.50,300,AT
14.02.20 11:15:19,,,174.50,342,AT
14.02.20 11:15:19,,,174.50,557,AT
14.02.20 11:15:19,,,174.50,216,AT
14.02.20 11:15:19,,,174.50,341,AT
14.02.20 11:15:19,,,174.50,216,AT
14.02.20 11:15:19,,,174.50,341,AT
14.02.20 11:14:50,,,174.55,379,AT
14.02.20 11:14:50,,,174.55,277,AT
14.02.20 11:14:50,,,174.55,21,AT
14.02.20 11:14:50,,,174.55,501,AT
14.02.20 11:14:50,,,174.55,330,AT
14.02.20 11:14:50,,,174.55,283,AT
14.02.20 11:14:50,,,174.60,25,AT
14.02.20 11:14:50,,,174.60,8,AT
14.02.20 11:14:41,,,174.55,240,AT
14.02.20 11:14:41,,,174.55,30,AT
14.02.20 11:14:41,,,174.55,154,AT
14.02.20 11:14:41,,,174.55,605,AT
14.02.20 11:13:51,,,174.50,176,AT
14.02.20 11:13:51,,,174.50,2,AT
14.02.20 11:13:31,,,174.50,478,AT
14.02.20 11:13:05,,,174.45,544,AT
14.02.20 11:13:05,,,174.45,100,AT
14.02.20 11:13:05,,,174.45,197,AT
14.02.20 11:13:05,,,174.45,25,AT
14.02.20 11:12:17,,,174.45,4,AT
14.02.20 11:11:36,,,174.40,33,AT
14.02.20 11:11:36,,,174.40,344,AT
14.02.20 11:11:36,,,174.40,50,AT
14.02.20 11:11:10,,,174.40,33,AT
14.02.20 11:09:30,,,174.35,170,AT
14.02.20 11:09:30,,,174.35,17,AT
14.02.20 11:09:30,,,174.35,157,AT
14.02.20 11:09:30,,,174.35,48,AT
14.02.20 11:08:52,,,174.25,136,AT
14.02.20 11:08:52,,,174.25,247,AT
14.02.20 11:08:52,,,174.25,28,AT
14.02.20 11:08:52,,,174.25,202,AT
14.02.20 11:08:52,,,174.25,184,AT
14.02.20 11:08:52,,,174.25,119,AT
14.02.20 11:08:10,,,174.25,191,AT
14.02.20 11:07:59,,,174.30,237,AT
14.02.20 11:07:58,,,174.30,6,AT
14.02.20 11:07:58,,,174.30,222,AT
14.02.20 11:05:55,,,174.25,564,AT
14.02.20 11:05:55,,,174.25,119,AT
14.02.20 11:05:46,,,174.20,89,AT
14.02.20 11:05:46,,,174.25,143,AT
14.02.20 11:05:46,,,174.25,514,AT
14.02.20 11:05:46,,,174.25,2,AT
14.02.20 11:05:45,,,174.30,105,AT
14.02.20 11:03:30,,,174.35,173,AT
14.02.20 11:03:30,,,174.45,110,AT
14.02.20 11:03:30,,,174.45,200,AT
14.02.20 11:03:30,,,174.45,146,AT
14.02.20 11:03:30,,,174.45,107,AT
14.02.20 11:02:33,,,174.50,42,AT
14.02.20 11:02:19,,,174.45,21,AT
14.02.20 11:02:19,,,174.45,25,AT
14.02.20 11:02:19,,,174.45,119,AT
14.02.20 11:02:08,,,174.45,237,AT
14.02.20 11:02:08,,,174.45,125,AT
14.02.20 11:02:08,,,174.45,3,AT
14.02.20 11:02:08,,,174.45,519,AT
14.02.20 11:02:08,,,174.45,"1,546",AT
14.02.20 11:01:35,,,174.55,250,AT
14.02.20 11:01:30,,,174.50,331,AT
14.02.20 11:01:30,,,174.50,254,AT
14.02.20 11:01:30,,,174.50,329,AT
14.02.20 11:00:58,,,174.45,108,AT
14.02.20 11:00:58,,,174.45,42,AT
14.02.20 11:00:58,,,174.45,158,AT
14.02.20 11:00:58,,,174.45,146,AT
14.02.20 11:00:58,,,174.45,151,AT
14.02.20 11:00:58,,,174.45,98,AT
14.02.20 10:59:57,,,174.40,422,AT
14.02.20 10:59:17,,,174.35,136,AT
14.02.20 10:59:17,,,174.35,157,AT
14.02.20 10:58:16,,,174.30,110,AT
14.02.20 10:58:16,,,174.30,60,AT
14.02.20 10:58:16,,,174.30,769,AT
14.02.20 10:58:16,,,174.30,171,AT
14.02.20 10:57:21,,,174.30,33,AT
14.02.20 10:57:21,,,174.30,5,AT
14.02.20 10:57:21,,,174.30,55,AT
14.02.20 10:57:21,,,174.30,328,AT
14.02.20 10:53:38,,,174.40,206,AT
14.02.20 10:53:38,,,174.40,169,AT
14.02.20 10:53:38,,,174.40,31,AT
14.02.20 10:53:38,,,174.40,204,AT
14.02.20 10:52:35,,,174.45,451,AT
14.02.20 10:52:35,,,174.45,189,AT
14.02.20 10:52:35,,,174.45,650,AT
14.02.20 10:52:35,,,174.40,153,AT
14.02.20 10:52:35,,,174.40,174,AT
14.02.20 10:52:35,,,174.45,273,AT
14.02.20 10:52:35,,,174.45,17,AT
14.02.20 10:52:35,,,174.45,676,AT
14.02.20 10:52:35,,,174.45,17,AT
14.02.20 10:52:35,,,174.45,676,AT
14.02.20 10:52:35,,,174.45,112,AT
14.02.20 10:52:07,,,174.45,2,AT
14.02.20 10:51:34,,,174.45,91,AT
14.02.20 10:51:34,,,174.45,63,AT
14.02.20 10:51:34,,,174.45,37,AT
14.02.20 10:49:56,,,174.50,128,AT
14.02.20 10:49:56,,,174.50,244,AT
14.02.20 10:49:56,,,174.50,28,AT
14.02.20 10:49:37,,,174.45,33,AT
14.02.20 10:49:37,,,174.45,691,AT
14.02.20 10:49:19,,,174.40,85,AT
14.02.20 10:49:19,,,174.40,100,AT
14.02.20 10:49:19,,,174.40,139,AT
14.02.20 10:49:19,,,174.40,519,AT
14.02.20 10:48:30,,,174.35,186,AT
14.02.20 10:48:30,,,174.35,100,AT
14.02.20 10:48:04,,,174.30,30,AT
14.02.20 10:46:57,,,174.40,192,AT
14.02.20 10:46:57,,,174.40,145,AT
14.02.20 10:46:57,,,174.40,13,AT
14.02.20 10:46:57,,,174.40,564,AT
14.02.20 10:45:59,,,174.35,137,AT
14.02.20 10:45:59,,,174.35,36,AT
14.02.20 10:45:45,,,174.35,175,AT
14.02.20 10:45:45,,,174.35,106,AT
14.02.20 10:45:45,,,174.35,179,AT
14.02.20 10:45:45,,,174.35,189,AT
14.02.20 10:45:20,,,174.30,333,AT
14.02.20 10:45:20,,,174.30,30,AT
14.02.20 10:45:20,,,174.30,128,AT
14.02.20 10:45:20,,,174.30,182,AT
14.02.20 10:45:20,,,174.30,226,AT
14.02.20 10:44:36,,,174.30,100,AT
14.02.20 10:44:13,,,174.30,4,AT
14.02.20 10:44:13,,,174.30,296,AT
14.02.20 10:44:13,,,174.30,4,AT
14.02.20 10:44:13,,,174.30,356,AT
14.02.20 10:44:13,,,174.30,356,AT
14.02.20 10:44:13,,,174.30,300,AT
14.02.20 10:43:17,,,174.35,193,AT
14.02.20 10:43:17,,,174.40,62,AT
14.02.20 10:43:17,,,174.40,605,AT
14.02.20 10:43:17,,,174.40,181,AT
14.02.20 10:43:17,,,174.45,109,AT
14.02.20 10:43:17,,,174.45,177,AT
14.02.20 10:42:35,,,174.50,188,AT
14.02.20 10:42:35,,,174.50,90,AT
14.02.20 10:42:35,,,174.50,228,AT
14.02.20 10:40:13,,,174.45,104,AT
14.02.20 10:40:13,,,174.45,301,AT
14.02.20 10:40:13,,,174.45,255,AT
14.02.20 10:40:13,,,174.45,159,AT
14.02.20 10:40:13,,,174.45,500,AT
14.02.20 10:37:38,,,174.50,591,AT
14.02.20 10:37:38,,,174.50,197,AT
14.02.20 10:37:38,,,174.50,500,AT
14.02.20 10:37:38,,,174.50,154,AT
14.02.20 10:37:38,,,174.50,1,AT
14.02.20 10:37:32,,,174.40,13,AT
14.02.20 10:37:32,,,174.45,"1,128",AT
14.02.20 10:37:32,,,174.45,525,AT
14.02.20 10:37:32,,,174.45,108,AT
14.02.20 10:37:32,,,174.45,205,AT
14.02.20 10:37:32,,,174.45,856,AT
14.02.20 10:35:38,,,174.55,1,AT
14.02.20 10:35:22,,,174.55,130,AT
14.02.20 10:35:22,,,174.55,522,AT
14.02.20 10:35:22,,,174.55,252,AT
14.02.20 10:35:22,,,174.55,500,AT
14.02.20 10:35:22,,,174.55,183,AT
14.02.20 10:35:22,,,174.50,231,AT
14.02.20 10:34:44,,,174.55,273,AT
14.02.20 10:34:44,,,174.55,249,AT
14.02.20 10:34:44,,,174.55,27,AT
14.02.20 10:33:07,,,174.55,10,AT
14.02.20 10:32:44,,,174.50,248,AT
14.02.20 10:32:00,,,174.45,527,AT
14.02.20 10:31:51,,,174.50,113,AT
14.02.20 10:31:51,,,174.50,306,AT
14.02.20 10:31:51,,,174.45,14,AT
14.02.20 10:31:51,,,174.45,619,AT
14.02.20 10:31:51,,,174.40,103,AT
14.02.20 10:31:51,,,174.40,125,AT
14.02.20 10:31:51,,,174.40,91,AT
14.02.20 10:30:59,,,174.40,137,AT
14.02.20 10:30:59,,,174.40,192,AT
14.02.20 10:30:59,,,174.40,53,AT
14.02.20 10:30:56,,,174.40,93,AT
14.02.20 10:30:56,,,174.40,557,AT
14.02.20 10:30:56,,,174.40,227,AT
14.02.20 10:30:56,,,174.40,505,AT
14.02.20 10:26:55,,,174.45,266,AT
14.02.20 10:26:55,,,174.45,109,AT
14.02.20 10:26:55,,,174.45,186,AT
14.02.20 10:26:55,,,174.45,227,AT
14.02.20 10:26:55,,,174.45,262,AT
14.02.20 10:26:55,,,174.45,84,AT
14.02.20 10:24:22,,,174.45,32,AT
14.02.20 10:24:22,,,174.45,5,AT
14.02.20 10:24:22,,,174.45,479,AT
14.02.20 10:24:22,,,174.45,502,AT
14.02.20 10:24:22,,,174.45,19,AT
14.02.20 10:24:22,,,174.50,827,AT
14.02.20 10:24:22,,,174.50,740,AT
14.02.20 10:24:22,,,174.50,433,AT
14.02.20 10:24:22,,,174.50,378,AT
14.02.20 10:24:05,,,174.60,6,AT
14.02.20 10:23:17,,,174.55,20,AT
14.02.20 10:23:17,,,174.55,134,AT
14.02.20 10:23:02,,,174.60,117,AT
14.02.20 10:23:02,,,174.60,130,AT
14.02.20 10:23:02,,,174.60,848,AT
14.02.20 10:23:02,,,174.60,152,AT
14.02.20 10:23:01,,,174.65,235,AT
14.02.20 10:23:01,,,174.65,198,AT
14.02.20 10:23:00,,,174.65,577,AT
14.02.20 10:22:49,,,174.65,91,AT
14.02.20 10:22:49,,,174.65,263,AT
14.02.20 10:22:06,,,174.65,140,AT
14.02.20 10:22:06,,,174.65,679,AT
14.02.20 10:22:03,,,174.65,599,AT
14.02.20 10:22:03,,,174.65,513,AT
14.02.20 10:22:03,,,174.70,239,AT
14.02.20 10:22:03,,,174.70,500,AT
14.02.20 10:22:03,,,174.70,156,AT
14.02.20 10:22:01,,,174.75,102,AT
14.02.20 10:22:01,,,174.75,407,AT
14.02.20 10:22:01,,,174.75,156,AT
14.02.20 10:22:01,,,174.75,148,AT
14.02.20 10:22:00,,,174.70,580,AT
14.02.20 10:22:00,,,174.70,310,AT
14.02.20 10:22:00,,,174.70,274,AT
14.02.20 10:22:00,,,174.70,67,AT
14.02.20 10:22:00,,,174.70,8,AT
14.02.20 10:22:00,,,174.70,73,AT
14.02.20 10:22:00,,,174.70,83,AT
14.02.20 10:22:00,,,174.70,"8,520",AT
14.02.20 10:22:00,,,174.70,136,AT
14.02.20 10:21:44,,,174.75,63,AT
14.02.20 10:21:44,,,174.75,500,AT
14.02.20 10:21:44,,,174.75,146,AT
14.02.20 10:21:44,,,174.75,386,AT
14.02.20 10:21:44,,,174.75,"1,060",AT
14.02.20 10:21:44,,,174.75,559,AT
14.02.20 10:21:20,,,174.85,346,AT
14.02.20 10:21:20,,,174.85,105,AT
14.02.20 10:20:00,,,174.85,132,AT
14.02.20 10:20:00,,,174.85,179,AT
14.02.20 10:20:00,,,174.85,145,AT
14.02.20 10:20:00,,,174.85,86,AT
14.02.20 10:18:06,,,174.85,164,AT
14.02.20 10:18:06,,,174.85,214,AT
14.02.20 10:18:06,,,174.85,590,AT
14.02.20 10:17:25,,,174.80,144,AT
14.02.20 10:17:25,,,174.80,304,AT
14.02.20 10:17:25,,,174.75,153,AT
14.02.20 10:17:25,,,174.75,732,AT
14.02.20 10:17:25,,,174.70,93,AT
14.02.20 10:17:25,,,174.70,144,AT
14.02.20 10:17:25,,,174.70,295,AT
14.02.20 10:16:13,,,174.70,115,AT
14.02.20 10:16:13,,,174.70,520,AT
14.02.20 10:16:13,,,174.70,15,AT
14.02.20 10:16:13,,,174.70,144,AT
14.02.20 10:15:41,,,174.80,10,AT
14.02.20 10:15:41,,,174.80,64,AT
14.02.20 10:15:40,,,174.80,246,AT
14.02.20 10:15:40,,,174.80,151,AT
14.02.20 10:15:40,,,174.80,298,AT
14.02.20 10:15:40,,,174.80,"3,000",AT
14.02.20 10:13:02,,,174.75,250,AT
14.02.20 10:13:02,,,174.75,3,AT
14.02.20 10:13:02,,,174.75,93,AT
14.02.20 10:13:02,,,174.75,159,AT
14.02.20 10:12:44,,,174.70,500,AT
14.02.20 10:12:44,,,174.70,102,AT
14.02.20 10:12:44,,,174.70,121,AT
14.02.20 10:11:21,,,174.75,149,AT
14.02.20 10:11:21,,,174.75,221,AT
14.02.20 10:08:08,,,174.70,29,AT
14.02.20 10:08:08,,,174.70,335,AT
14.02.20 10:08:08,,,174.70,72,AT
14.02.20 10:08:08,,,174.70,500,AT
14.02.20 10:07:51,,,174.85,34,AT
14.02.20 10:07:51,,,174.80,95,AT
14.02.20 10:07:51,,,174.80,500,AT
14.02.20 10:07:51,,,174.75,20,AT
14.02.20 10:06:54,,,174.75,198,AT
14.02.20 10:06:17,,,174.70,160,AT
14.02.20 10:06:14,,,174.75,160,AT
14.02.20 10:05:54,,,174.80,516,AT
14.02.20 10:05:54,,,174.85,187,AT
14.02.20 10:05:44,,,174.80,472,AT
14.02.20 10:05:44,,,174.80,157,AT
14.02.20 10:05:44,,,174.80,179,AT
14.02.20 10:05:44,,,174.80,500,AT
14.02.20 10:05:44,,,174.80,260,AT
14.02.20 10:05:44,,,174.85,224,AT
14.02.20 10:05:44,,,174.85,500,AT
14.02.20 10:05:41,,,174.90,500,AT
14.02.20 10:05:40,,,174.90,17,AT
14.02.20 10:05:38,,,174.90,35,AT
14.02.20 10:05:38,,,174.85,105,AT
14.02.20 10:05:38,,,174.85,370,AT
14.02.20 10:05:38,,,174.85,222,AT
14.02.20 10:05:38,,,174.85,209,AT
14.02.20 10:05:38,,,174.85,45,AT
14.02.20 10:05:38,,,174.85,322,AT
14.02.20 10:05:38,,,174.85,95,AT
14.02.20 10:05:38,,,174.85,61,AT
14.02.20 10:05:38,,,174.85,177,AT
14.02.20 10:05:36,,,174.80,340,AT
14.02.20 10:05:36,,,174.75,288,AT
14.02.20 10:05:36,,,174.75,158,AT
14.02.20 10:05:36,,,174.75,93,AT
14.02.20 10:05:34,,,174.70,112,AT
14.02.20 10:05:34,,,174.70,377,AT
14.02.20 10:05:34,,,174.70,20,AT
14.02.20 10:05:34,,,174.70,171,AT
14.02.20 10:05:34,,,174.70,210,AT
14.02.20 10:05:31,,,174.65,94,AT
14.02.20 10:05:24,,,174.65,140,AT
14.02.20 10:04:00,,,174.65,432,AT
14.02.20 10:04:00,,,174.65,81,AT
14.02.20 10:04:00,,,174.65,536,AT
14.02.20 10:04:00,,,174.65,165,AT
14.02.20 10:02:00,,,174.70,378,AT
14.02.20 10:02:00,,,174.70,127,AT
14.02.20 10:01:59,,,174.70,640,AT
14.02.20 10:01:59,,,174.70,302,AT
14.02.20 10:01:59,,,174.70,340,AT
14.02.20 10:01:59,,,174.70,161,AT
14.02.20 10:01:45,,,174.70,52,AT
14.02.20 10:01:45,,,174.70,137,AT
14.02.20 10:01:44,,,174.75,22,AT
14.02.20 10:01:44,,,174.75,528,AT
14.02.20 10:01:44,,,174.75,467,AT
14.02.20 10:01:44,,,174.75,254,AT
14.02.20 10:01:44,,,174.75,110,AT
14.02.20 10:01:44,,,174.75,341,AT
14.02.20 10:01:44,,,174.75,126,AT
14.02.20 10:01:44,,,174.75,250,AT
14.02.20 10:01:44,,,174.75,183,AT
14.02.20 10:01:44,,,174.70,81,AT
14.02.20 10:01:44,,,174.70,190,AT
14.02.20 10:01:44,,,174.70,179,AT
14.02.20 10:01:44,,,174.70,124,AT
14.02.20 10:01:44,,,174.70,430,AT
14.02.20 10:01:44,,,174.70,232,AT
14.02.20 10:00:43,,,174.65,210,AT
14.02.20 10:00:43,,,174.65,32,AT
14.02.20 10:00:43,,,174.65,120,AT
14.02.20 10:00:43,,,174.65,165,AT
14.02.20 09:59:51,,,174.70,512,AT
14.02.20 09:59:51,,,174.70,73,AT
14.02.20 09:59:51,,,174.70,181,AT
14.02.20 09:58:12,,,174.75,78,AT
14.02.20 09:58:12,,,174.75,195,AT
14.02.20 09:58:12,,,174.75,187,AT
14.02.20 09:58:12,,,174.75,201,AT
14.02.20 09:58:12,,,174.75,421,AT
14.02.20 09:57:55,,,174.70,122,AT
14.02.20 09:57:55,,,174.70,544,AT
14.02.20 09:57:55,,,174.70,105,AT
14.02.20 09:56:54,,,174.75,164,AT
14.02.20 09:56:54,,,174.75,9,AT
14.02.20 09:56:35,,,174.75,82,AT
14.02.20 09:56:35,,,174.75,118,AT
14.02.20 09:56:15,,,174.75,93,AT
14.02.20 09:55:51,,,174.80,526,AT
14.02.20 09:55:51,,,174.80,7,AT
14.02.20 09:55:51,,,174.80,168,AT
14.02.20 09:55:51,,,174.80,161,AT
14.02.20 09:55:49,,,174.80,4,AT
14.02.20 09:55:49,,,174.85,207,AT
14.02.20 09:55:49,,,174.85,214,AT
14.02.20 09:54:59,,,174.90,198,AT
14.02.20 09:54:59,,,174.90,241,AT
14.02.20 09:54:59,,,174.90,131,AT
14.02.20 09:54:59,,,174.90,718,AT
14.02.20 09:54:33,,,174.90,100,AT
14.02.20 09:53:42,,,174.95,3,AT
14.02.20 09:53:34,,,174.95,203,AT
14.02.20 09:53:34,,,174.95,67,AT
14.02.20 09:53:34,,,174.95,108,AT
14.02.20 09:53:33,,,175.00,272,AT
14.02.20 09:53:33,,,175.00,427,AT
14.02.20 09:53:33,,,175.00,46,AT
14.02.20 09:53:33,,,175.00,427,AT
14.02.20 09:53:33,,,175.00,148,AT
14.02.20 09:53:33,,,175.00,115,AT
14.02.20 09:53:33,,,175.00,591,AT
14.02.20 09:53:33,,,175.00,194,AT
14.02.20 09:53:33,,,175.00,427,AT
14.02.20 09:53:33,,,175.00,386,AT
14.02.20 09:53:33,,,175.00,287,AT
14.02.20 09:52:38,,,175.00,177,AT
14.02.20 09:52:38,,,175.00,273,AT
14.02.20 09:52:38,,,175.00,1,AT
14.02.20 09:52:38,,,175.00,176,AT
14.02.20 09:52:38,,,175.00,165,AT
14.02.20 09:50:44,,,174.90,215,AT
14.02.20 09:50:44,,,174.90,137,AT
14.02.20 09:50:44,,,174.90,92,AT
14.02.20 09:50:44,,,174.90,500,AT
14.02.20 09:50:44,,,174.90,271,AT
14.02.20 09:50:44,,,174.90,191,AT
14.02.20 09:50:44,,,174.90,94,AT
14.02.20 09:50:04,,,174.95,162,AT
14.02.20 09:50:00,,,174.95,164,AT
14.02.20 09:50:00,,,174.95,500,AT
14.02.20 09:50:00,,,174.95,90,AT
14.02.20 09:50:00,,,174.95,261,AT
14.02.20 09:50:00,,,174.95,149,AT
14.02.20 09:50:00,,,174.95,570,AT
14.02.20 09:50:00,,,174.95,175,AT
14.02.20 09:49:16,,,175.00,"1,058",AT
14.02.20 09:49:16,,,175.00,25,AT
14.02.20 09:49:16,,,175.00,182,AT
14.02.20 09:49:16,,,175.00,43,AT
14.02.20 09:49:04,,,174.95,187,AT
14.02.20 09:48:26,,,174.85,3,AT
14.02.20 09:48:26,,,174.85,22,AT
14.02.20 09:48:26,,,174.90,268,AT
14.02.20 09:48:26,,,174.90,152,AT
14.02.20 09:48:26,,,174.90,139,AT
14.02.20 09:46:49,,,174.95,235,AT
14.02.20 09:46:49,,,174.95,380,AT
14.02.20 09:46:49,,,174.95,380,AT
14.02.20 09:46:49,,,174.95,287,AT
14.02.20 09:45:44,,,174.95,96,AT
14.02.20 09:45:44,,,174.95,154,AT
14.02.20 09:45:22,,,174.90,45,AT
14.02.20 09:45:17,,,174.85,12,AT
14.02.20 09:45:17,,,174.85,81,AT
14.02.20 09:45:01,,,174.80,19,AT
14.02.20 09:45:01,,,174.80,120,AT
14.02.20 09:45:01,,,174.80,113,AT
14.02.20 09:45:01,,,174.80,238,AT
14.02.20 09:45:01,,,174.80,513,AT
14.02.20 09:43:40,,,174.75,490,AT
14.02.20 09:43:40,,,174.75,16,AT
14.02.20 09:43:14,,,174.70,286,AT
14.02.20 09:43:14,,,174.70,288,AT
14.02.20 09:42:52,,,174.75,65,AT
14.02.20 09:42:52,,,174.75,183,AT
14.02.20 09:42:52,,,174.75,64,AT
14.02.20 09:42:37,,,174.75,500,AT
14.02.20 09:42:36,,,174.75,183,AT
14.02.20 09:42:36,,,174.75,222,AT
14.02.20 09:42:36,,,174.60,"2,240",AT
14.02.20 09:42:36,,,174.60,260,AT
14.02.20 09:42:36,,,174.60,500,AT
14.02.20 09:41:59,,,174.70,49,AT
14.02.20 09:41:59,,,174.70,113,AT
14.02.20 09:41:29,,,174.75,105,AT
14.02.20 09:41:29,,,174.75,18,AT
14.02.20 09:41:29,,,174.75,161,AT
14.02.20 09:41:29,,,174.75,89,AT
14.02.20 09:41:08,,,174.85,720,AT
14.02.20 09:41:07,,,174.85,342,AT
14.02.20 09:40:48,,,174.95,86,AT
14.02.20 09:40:48,,,174.95,165,AT
14.02.20 09:40:03,,,175.00,40,AT
14.02.20 09:40:03,,,175.00,124,AT
14.02.20 09:40:03,,,175.00,361,AT
14.02.20 09:39:41,,,174.95,137,AT
14.02.20 09:39:41,,,174.95,332,AT
14.02.20 09:39:38,,,175.00,143,AT
14.02.20 09:39:38,,,175.00,147,AT
14.02.20 09:39:38,,,175.00,542,AT
14.02.20 09:39:14,,,175.05,228,AT
14.02.20 09:39:14,,,175.05,3,AT
14.02.20 09:38:32,,,175.10,373,AT
14.02.20 09:38:32,,,175.10,273,AT
14.02.20 09:38:32,,,175.10,18,AT
14.02.20 09:38:32,,,175.10,319,AT
14.02.20 09:38:23,,,175.15,50,AT
14.02.20 09:38:23,,,175.15,181,AT
14.02.20 09:38:23,,,175.15,160,AT
14.02.20 09:37:52,,,175.15,23,AT
14.02.20 09:37:52,,,175.20,303,AT
14.02.20 09:37:52,,,175.20,68,AT
14.02.20 09:37:29,,,175.10,31,AT
14.02.20 09:37:24,,,175.00,93,AT
14.02.20 09:37:24,,,175.00,378,AT
14.02.20 09:37:24,,,175.00,31,AT
14.02.20 09:37:24,,,175.00,100,AT
14.02.20 09:37:24,,,175.00,100,AT
14.02.20 09:36:33,,,174.95,193,AT
14.02.20 09:36:33,,,174.95,2,AT
14.02.20 09:36:33,,,174.95,125,AT
14.02.20 09:36:33,,,174.95,203,AT
14.02.20 09:36:33,,,174.95,"1,050",AT
14.02.20 09:36:33,,,174.95,"1,595",AT
14.02.20 09:36:33,,,174.95,217,AT
14.02.20 09:36:33,,,174.95,288,AT
14.02.20 09:36:30,,,174.95,262,AT
14.02.20 09:36:30,,,174.95,143,AT
14.02.20 09:36:04,,,174.95,21,AT
14.02.20 09:36:02,,,174.90,41,AT
14.02.20 09:36:02,,,174.90,78,AT
14.02.20 09:35:58,,,174.90,13,AT
14.02.20 09:35:58,,,174.90,8,AT
14.02.20 09:35:07,,,174.95,93,AT
14.02.20 09:35:07,,,174.95,293,AT
14.02.20 09:35:07,,,174.90,47,AT
14.02.20 09:35:07,,,174.90,452,AT
14.02.20 09:35:07,,,174.90,198,AT
14.02.20 09:34:37,,,174.85,133,AT
14.02.20 09:34:37,,,174.85,263,AT
14.02.20 09:34:37,,,174.85,285,AT
14.02.20 09:34:18,,,175.00,21,AT
14.02.20 09:31:17,,,174.90,74,AT
14.02.20 09:31:17,,,174.90,43,AT
14.02.20 09:31:17,,,174.90,139,AT
14.02.20 09:31:17,,,174.90,75,AT
14.02.20 09:31:17,,,174.90,522,AT
14.02.20 09:31:12,,,174.80,297,AT
14.02.20 09:31:12,,,174.80,268,AT
14.02.20 09:31:12,,,174.85,276,AT
14.02.20 09:31:12,,,174.85,390,AT
14.02.20 09:31:12,,,174.85,500,AT
14.02.20 09:31:11,,,174.95,435,AT
14.02.20 09:31:11,,,174.95,350,AT
14.02.20 09:31:11,,,174.95,522,AT
14.02.20 09:31:11,,,174.95,264,AT
14.02.20 09:31:11,,,174.95,500,AT
14.02.20 09:31:11,,,174.90,185,AT
14.02.20 09:31:11,,,174.90,320,AT
14.02.20 09:31:11,,,174.90,270,AT
14.02.20 09:30:54,,,174.80,189,AT
14.02.20 09:29:47,,,174.75,236,AT
14.02.20 09:29:47,,,174.75,"1,000",AT
14.02.20 09:29:14,,,174.70,245,AT
14.02.20 09:29:13,,,174.70,52,AT
14.02.20 09:29:13,,,174.70,148,AT
14.02.20 09:29:07,,,174.70,150,AT
14.02.20 09:28:32,,,174.75,558,AT
14.02.20 09:28:32,,,174.80,74,AT
14.02.20 09:28:32,,,174.80,247,AT
14.02.20 09:27:48,,,174.85,32,AT
14.02.20 09:27:28,,,174.80,162,AT
14.02.20 09:27:28,,,174.80,33,AT
14.02.20 09:27:28,,,174.75,191,AT
14.02.20 09:27:28,,,174.75,43,AT
14.02.20 09:27:19,,,174.65,64,AT
14.02.20 09:27:19,,,174.60,93,AT
14.02.20 09:26:48,,,174.55,200,AT
14.02.20 09:26:48,,,174.55,321,AT
14.02.20 09:26:09,,,174.50,36,AT
14.02.20 09:26:09,,,174.50,"1,000",AT
14.02.20 09:25:25,,,174.50,171,AT
14.02.20 09:25:25,,,174.50,89,AT
14.02.20 09:25:25,,,174.50,392,AT
14.02.20 09:25:25,,,174.45,304,AT
14.02.20 09:24:49,,,174.40,20,AT
14.02.20 09:24:49,,,174.40,517,AT
14.02.20 09:24:30,,,174.35,122,AT
14.02.20 09:24:30,,,174.35,"1,082",AT
14.02.20 09:24:29,,,174.35,200,AT
14.02.20 09:24:29,,,174.35,500,AT
14.02.20 09:24:26,,,174.30,513,AT
14.02.20 09:24:26,,,174.35,189,AT
14.02.20 09:24:26,,,174.35,162,AT
14.02.20 09:24:26,,,174.35,60,AT
14.02.20 09:23:34,,,174.50,500,AT
14.02.20 09:23:24,,,174.70,487,AT
14.02.20 09:23:24,,,174.70,246,AT
14.02.20 09:23:24,,,174.70,165,AT
14.02.20 09:23:24,,,174.70,500,AT
14.02.20 09:23:24,,,174.65,296,AT
14.02.20 09:23:24,,,174.65,465,AT
14.02.20 09:23:24,,,174.60,943,AT
14.02.20 09:23:24,,,174.60,500,AT
14.02.20 09:23:24,,,174.60,500,AT
14.02.20 09:23:24,,,174.60,186,AT
14.02.20 09:23:24,,,174.55,60,AT
14.02.20 09:23:24,,,174.55,229,AT
14.02.20 09:23:24,,,174.55,200,AT
14.02.20 09:23:24,,,174.55,436,AT
14.02.20 09:22:15,,,174.50,214,AT
14.02.20 09:22:15,,,174.50,157,AT
14.02.20 09:22:15,,,174.50,171,AT
14.02.20 09:22:15,,,174.50,179,AT
14.02.20 09:22:08,,,174.50,21,AT
14.02.20 09:22:08,,,174.50,634,AT
14.02.20 09:22:08,,,174.50,316,AT
14.02.20 09:22:08,,,174.50,50,AT
14.02.20 09:22:08,,,174.50,90,AT
14.02.20 09:22:08,,,174.50,410,AT
14.02.20 09:22:08,,,174.55,9,AT
14.02.20 09:22:08,,,174.55,50,AT
14.02.20 09:22:08,,,174.55,241,AT
14.02.20 09:21:36,,,174.60,178,AT
14.02.20 09:21:36,,,174.60,140,AT
14.02.20 09:21:36,,,174.60,229,AT
14.02.20 09:21:30,,,174.60,737,AT
14.02.20 09:21:30,,,174.60,35,AT
14.02.20 09:21:30,,,174.60,200,AT
14.02.20 09:21:30,,,174.60,2,AT
14.02.20 09:21:30,,,174.60,215,AT
14.02.20 09:21:30,,,174.60,2,AT
14.02.20 09:21:30,,,174.60,2,AT
14.02.20 09:21:30,,,174.60,200,AT
14.02.20 09:21:30,,,174.60,200,AT
14.02.20 09:21:21,,,174.65,267,AT
14.02.20 09:21:20,,,174.65,478,AT
14.02.20 09:21:20,,,174.65,22,AT
14.02.20 09:21:20,,,174.65,"1,184",AT
14.02.20 09:21:00,,,174.65,50,AT
14.02.20 09:20:52,,,174.75,149,AT
14.02.20 09:20:52,,,174.75,500,AT
14.02.20 09:20:52,,,174.75,293,AT
14.02.20 09:20:52,,,174.75,500,AT
14.02.20 09:20:52,,,174.70,189,AT
14.02.20 09:20:40,,,174.75,509,AT
14.02.20 09:20:40,,,174.75,309,AT
14.02.20 09:20:38,,,174.80,458,AT
14.02.20 09:20:38,,,174.80,42,AT
14.02.20 09:20:38,,,174.90,569,AT
14.02.20 09:20:38,,,174.90,360,AT
14.02.20 09:20:38,,,174.90,514,AT
14.02.20 09:20:28,,,174.80,938,AT
14.02.20 09:20:28,,,174.75,311,AT
14.02.20 09:20:28,,,174.75,410,AT
14.02.20 09:20:20,,,174.80,256,AT
14.02.20 09:20:20,,,174.80,116,AT
14.02.20 09:20:20,,,174.80,410,AT
14.02.20 09:20:15,,,174.85,78,AT
14.02.20 09:20:15,,,174.85,205,AT
14.02.20 09:20:15,,,174.85,455,AT
14.02.20 09:20:15,,,174.80,391,AT
14.02.20 09:20:15,,,174.80,629,AT
14.02.20 09:20:15,,,174.80,892,AT
14.02.20 09:20:15,,,174.80,"1,448",AT
14.02.20 09:20:15,,,174.80,538,AT
14.02.20 09:20:15,,,174.80,52,AT
14.02.20 09:20:15,,,174.80,92,AT
14.02.20 09:20:15,,,174.80,164,AT
14.02.20 09:20:15,,,174.80,675,AT
14.02.20 09:20:15,,,174.80,168,AT
14.02.20 09:19:27,,,174.80,4,AT
14.02.20 09:19:27,,,174.80,70,AT
14.02.20 09:19:27,,,174.80,562,AT
14.02.20 09:19:27,,,174.80,168,AT
14.02.20 09:19:27,,,174.80,93,AT
14.02.20 09:19:27,,,174.80,66,AT
14.02.20 09:19:27,,,174.80,500,AT
14.02.20 09:18:11,,,174.95,200,AT
14.02.20 09:18:11,,,174.95,146,AT
14.02.20 09:18:11,,,174.95,432,AT
14.02.20 09:18:11,,,174.95,42,AT
14.02.20 09:17:46,,,174.90,148,AT
14.02.20 09:17:28,,,174.95,59,AT
14.02.20 09:17:28,,,174.95,154,AT
14.02.20 09:17:07,,,175.05,250,AT
14.02.20 09:17:07,,,175.00,100,AT
14.02.20 09:17:07,,,175.00,210,AT
14.02.20 09:17:07,,,175.00,248,AT
14.02.20 09:17:00,,,175.10,938,AT
14.02.20 09:17:00,,,175.10,281,AT
14.02.20 09:17:00,,,175.10,168,AT
14.02.20 09:17:00,,,175.10,200,AT
14.02.20 09:16:44,,,175.05,116,AT
14.02.20 09:16:38,,,175.05,7,AT
14.02.20 09:16:38,,,175.05,164,AT
14.02.20 09:16:38,,,175.05,182,AT
14.02.20 09:15:20,,,175.10,500,AT
14.02.20 09:14:54,,,175.00,934,AT
14.02.20 09:14:54,,,175.00,509,AT
14.02.20 09:14:53,,,175.05,124,AT
14.02.20 09:14:53,,,175.05,168,AT
14.02.20 09:14:53,,,175.05,500,AT
14.02.20 09:14:34,,,175.15,165,AT
14.02.20 09:14:33,,,175.10,358,AT
14.02.20 09:14:33,,,175.10,54,AT
14.02.20 09:14:33,,,175.05,866,AT
14.02.20 09:13:36,,,174.85,160,AT
14.02.20 09:13:35,,,174.90,870,AT
14.02.20 09:13:35,,,174.90,56,AT
14.02.20 09:13:35,,,174.90,357,AT
14.02.20 09:13:35,,,175.00,523,AT
14.02.20 09:13:35,,,175.00,158,AT
14.02.20 09:13:35,,,175.00,374,AT
14.02.20 09:13:35,,,175.00,298,AT
14.02.20 09:13:28,,,175.05,550,AT
14.02.20 09:13:28,,,175.05,246,AT
14.02.20 09:13:28,,,175.05,717,AT
14.02.20 09:13:27,,,175.00,93,AT
14.02.20 09:13:27,,,174.95,400,AT
14.02.20 09:13:27,,,174.90,133,AT
14.02.20 09:13:27,,,174.90,77,AT
14.02.20 09:12:59,,,174.90,273,AT
14.02.20 09:12:43,,,174.95,55,AT
14.02.20 09:12:43,,,174.95,445,AT
14.02.20 09:12:28,,,174.95,167,AT
14.02.20 09:12:06,,,174.95,190,AT
14.02.20 09:11:52,,,175.05,168,AT
14.02.20 09:11:52,,,175.10,241,AT
14.02.20 09:11:52,,,175.10,391,AT
14.02.20 09:11:52,,,175.10,300,AT
14.02.20 09:11:51,,,175.15,131,AT
14.02.20 09:11:51,,,175.15,86,AT
14.02.20 09:11:51,,,175.15,487,AT
14.02.20 09:11:51,,,175.15,487,AT
14.02.20 09:11:47,,,175.30,312,AT
14.02.20 09:11:47,,,175.30,308,AT
14.02.20 09:11:47,,,175.30,522,AT
14.02.20 09:11:47,,,175.30,350,AT
14.02.20 09:11:47,,,175.30,254,AT
14.02.20 09:11:47,,,175.30,145,AT
14.02.20 09:11:47,,,175.30,186,AT
14.02.20 09:11:47,,,175.30,149,AT
14.02.20 09:11:47,,,175.25,274,AT
14.02.20 09:11:47,,,175.20,500,AT
14.02.20 09:11:39,,,175.15,500,AT
14.02.20 09:10:03,,,175.20,372,AT
14.02.20 09:10:03,,,175.20,289,AT
14.02.20 09:09:50,,,175.15,451,AT
14.02.20 09:09:50,,,175.15,200,AT
14.02.20 09:09:50,,,175.15,215,AT
14.02.20 09:09:34,,,175.25,132,AT
14.02.20 09:09:15,,,175.15,234,AT
14.02.20 09:09:15,,,175.15,535,AT
14.02.20 09:09:15,,,175.15,174,AT
14.02.20 09:09:15,,,175.15,500,AT
14.02.20 09:09:12,,,175.30,42,AT
14.02.20 09:08:55,,,175.25,42,AT
14.02.20 09:08:18,,,175.15,34,AT
14.02.20 09:08:18,,,175.15,55,AT
14.02.20 09:08:04,,,175.10,410,AT
14.02.20 09:08:02,,,175.05,500,AT
14.02.20 09:08:02,,,175.00,221,AT
14.02.20 09:08:02,,,175.05,500,AT
14.02.20 09:08:01,,,175.15,108,AT
14.02.20 09:07:51,,,175.25,500,AT
14.02.20 09:07:51,,,175.20,30,AT
14.02.20 09:07:51,,,175.20,24,AT
14.02.20 09:07:51,,,175.20,196,AT
14.02.20 09:07:47,,,175.25,95,AT
14.02.20 09:07:47,,,175.25,127,AT
14.02.20 09:07:47,,,175.25,133,AT
14.02.20 09:07:47,,,175.25,127,AT
14.02.20 09:07:47,,,175.25,133,AT
14.02.20 09:07:47,,,175.25,127,AT
14.02.20 09:06:54,,,175.25,410,AT
14.02.20 09:06:30,,,175.40,151,AT
14.02.20 09:06:23,,,175.50,604,AT
14.02.20 09:06:23,,,175.50,248,AT
14.02.20 09:06:23,,,175.50,500,AT
14.02.20 09:06:23,,,175.60,2,AT
14.02.20 09:06:23,,,175.60,75,AT
14.02.20 09:06:23,,,175.60,94,AT
14.02.20 09:06:23,,,175.60,331,AT
14.02.20 09:05:41,,,175.70,479,AT
14.02.20 09:05:14,,,175.50,200,AT
14.02.20 09:05:14,,,175.50,363,AT
14.02.20 09:05:14,,,175.50,344,AT
14.02.20 09:05:14,,,175.50,249,AT
14.02.20 09:05:03,,,175.55,124,AT
14.02.20 09:05:03,,,175.55,114,AT
14.02.20 09:05:03,,,175.55,135,AT
14.02.20 09:05:03,,,175.55,39,AT
14.02.20 09:05:03,,,175.60,436,AT
14.02.20 09:04:58,,,175.65,211,AT
14.02.20 09:04:18,,,175.60,132,AT
14.02.20 09:04:18,,,175.60,31,AT
14.02.20 09:04:18,,,175.60,236,AT
14.02.20 09:04:05,,,175.55,270,AT
14.02.20 09:04:02,,,175.50,830,AT
14.02.20 09:04:02,,,175.50,40,AT
14.02.20 09:04:02,,,175.50,436,AT
14.02.20 09:04:02,,,175.45,"4,965",AT
14.02.20 09:04:02,,,175.45,1,AT
14.02.20 09:04:02,,,175.40,340,AT
14.02.20 09:04:02,,,175.40,237,AT
14.02.20 09:04:02,,,175.40,137,AT
14.02.20 09:04:02,,,175.35,180,AT
14.02.20 09:04:02,,,175.35,149,AT
14.02.20 09:04:02,,,175.35,351,AT
14.02.20 09:03:29,,,175.25,19,AT
14.02.20 09:03:29,,,175.25,134,AT
14.02.20 09:03:02,,,175.10,167,AT
14.02.20 09:03:00,,,175.20,195,AT
14.02.20 09:03:00,,,175.20,290,AT
14.02.20 09:03:00,,,175.20,460,AT
14.02.20 09:03:00,,,175.25,500,AT
14.02.20 09:03:00,,,175.30,216,AT
14.02.20 09:02:30,,,175.35,310,AT
14.02.20 09:02:30,,,175.40,178,AT
14.02.20 09:02:28,,,175.45,172,AT
14.02.20 09:02:28,,,175.50,247,AT
14.02.20 09:02:28,,,175.40,31,AT
14.02.20 09:02:28,,,175.50,681,AT
14.02.20 09:02:28,,,175.50,47,AT
14.02.20 09:02:28,,,175.50,300,AT
14.02.20 09:02:11,,,175.55,235,AT
14.02.20 09:02:11,,,175.55,443,AT
14.02.20 09:02:08,,,175.65,190,AT
14.02.20 09:02:08,,,175.65,500,AT
14.02.20 09:02:07,,,175.55,19,AT
14.02.20 09:02:07,,,175.55,210,AT
14.02.20 09:02:07,,,175.55,500,AT
14.02.20 09:01:51,,,175.60,287,AT
14.02.20 09:01:19,,,175.40,135,AT
14.02.20 09:01:19,,,175.45,600,AT
14.02.20 09:01:18,,,175.40,100,AT
14.02.20 09:01:18,,,175.35,232,AT
14.02.20 09:01:18,,,175.35,188,AT
14.02.20 09:01:18,,,175.30,330,AT
14.02.20 09:01:18,,,175.30,189,AT
14.02.20 09:01:11,,,175.25,35,AT
14.02.20 09:01:11,,,175.25,282,AT
14.02.20 09:01:11,,,175.20,"1,000",AT
14.02.20 09:01:11,,,175.20,207,AT
14.02.20 09:00:54,,,175.10,45,AT
14.02.20 09:00:54,,,175.10,153,AT
14.02.20 09:00:54,,,175.10,133,AT
14.02.20 09:00:54,,,175.05,189,AT
14.02.20 09:00:54,,,175.05,196,AT
14.02.20 09:00:54,,,175.05,135,AT
14.02.20 09:00:54,,,175.00,265,AT
14.02.20 09:00:54,,,175.00,84,AT
14.02.20 09:00:54,,,175.00,171,AT
14.02.20 09:00:54,,,175.00,167,AT
14.02.20 09:00:39,,,174.80,83,AT
14.02.20 09:00:39,,,174.80,543,AT
14.02.20 09:00:39,,,174.80,519,AT
14.02.20 09:00:39,,,174.80,57,AT
14.02.20 09:00:39,,,174.85,260,AT
14.02.20 09:00:39,,,174.85,55,AT
14.02.20 09:00:39,,,174.85,4,AT
14.02.20 09:00:39,,,174.90,93,AT
14.02.20 09:00:15,,,174.90,254,AT
14.02.20 09:00:09,,,174.95,709,UT
14.02.20 09:00:09,,,174.95,72,UT
14.02.20 09:00:09,,,174.95,17,UT
14.02.20 09:00:09,,,174.95,57,UT
14.02.20 09:00:09,,,174.95,10,UT
14.02.20 09:00:09,,,174.95,5,UT
14.02.20 09:00:09,,,174.95,40,UT
14.02.20 09:00:09,,,174.95,18,UT
14.02.20 09:00:09,,,174.95,682,UT
14.02.20 09:00:09,,,174.95,112,UT
14.02.20 09:00:09,,,174.95,57,UT
14.02.20 09:00:09,,,174.95,14,UT
14.02.20 09:00:09,,,174.95,49,UT
14.02.20 09:00:09,,,174.95,28,UT
14.02.20 09:00:09,,,174.95,9,UT
14.02.20 09:00:09,,,174.95,65,UT
14.02.20 09:00:09,,,174.95,18,UT
14.02.20 09:00:09,,,174.95,21,UT
14.02.20 09:00:09,,,174.95,96,UT
14.02.20 09:00:09,,,174.95,179,UT
14.02.20 09:00:09,,,174.95,21,UT
14.02.20 09:00:09,,,174.95,220,UT
14.02.20 09:00:09,,,174.95,147,UT
14.02.20 09:00:09,,,174.95,30,UT
14.02.20 09:00:09,,,174.95,295,UT
14.02.20 09:00:09,,,174.95,334,UT
14.02.20 09:00:09,,,174.95,13,UT
14.02.20 09:00:09,,,174.95,34,UT
14.02.20 09:00:09,,,174.95,112,UT
14.02.20 09:00:09,,,174.95,392,UT
14.02.20 09:00:09,,,174.95,1,UT
14.02.20 09:00:09,,,174.95,1,UT
14.02.20 09:00:09,,,174.95,94,UT
14.02.20 09:00:09,,,174.95,16,UT
14.02.20 09:00:09,,,174.95,6,UT
14.02.20 09:00:09,,,174.95,95,UT
14.02.20 09:00:09,,,174.95,18,UT
14.02.20 09:00:09,,,174.95,197,UT
14.02.20 09:00:09,,,174.95,26,UT
14.02.20 09:00:09,,,174.95,6,UT
14.02.20 09:00:09,,,174.95,9,UT
14.02.20 09:00:09,,,174.95,95,UT
14.02.20 09:00:09,,,174.95,7,UT
14.02.20 09:00:09,,,174.95,6,UT
14.02.20 09:00:09,,,174.95,18,UT
14.02.20 09:00:09,,,174.95,106,UT
14.02.20 09:00:09,,,174.95,7,UT
14.02.20 09:00:09,,,174.95,8,UT
14.02.20 09:00:09,,,174.95,274,UT
14.02.20 09:00:09,,,174.95,46,UT
14.02.20 09:00:09,,,174.95,205,UT
14.02.20 09:00:09,,,174.95,376,UT
14.02.20 09:00:09,,,174.95,43,UT
14.02.20 09:00:09,,,174.95,415,UT
14.02.20 09:00:09,,,174.95,10,UT
14.02.20 09:00:09,,,174.95,18,UT
14.02.20 09:00:09,,,174.95,632,UT
14.02.20 09:00:09,,,174.95,25,UT
14.02.20 09:00:09,,,174.95,3,UT
14.02.20 09:00:09,,,174.95,500,UT
14.02.20 09:00:09,,,174.95,44,UT
14.02.20 09:00:09,,,174.95,"1,051",UT
14.02.20 09:00:09,,,174.95,604,UT
14.02.20 09:00:09,,,174.95,257,UT
14.02.20 09:00:09,,,174.95,36,UT
14.02.20 09:00:09,,,174.95,2,UT
14.02.20 09:00:09,,,174.95,9,UT
14.02.20 09:00:09,,,174.95,82,UT
14.02.20 09:00:09,,,174.95,109,UT
14.02.20 09:00:09,,,174.95,116,UT
14.02.20 09:00:09,,,174.95,63,UT